{
	"editor": {
		"allAngles": false,
		"entityTextureMode": false
	},
	"textureWidth": 16,
	"textureHeight": 16,
	"textureSizes": {
	},
	"textures": {
		"oak": "game:block/wood/debarked/oak"
	},
	"elements": [
		{
			"name": "horizontal up NS",
			"from": [ 4.5, 28.0, -16.0 ],
			"to": [ 11.5, 32.0, 34.0 ],
			"rotationOrigin": [ 5.5, 29.0, -7.5 ],
			"faces": {
				"north": { "texture": "#oak", "uv": [ 0.0, 0.0, 7.0, 4.0 ] },
				"east": { "texture": "#oak", "uv": [ 0.0, 4.0, 16.0, 8.0 ], "autoUv": false },
				"south": { "texture": "#oak", "uv": [ 0.0, 0.0, 7.0, 4.0 ] },
				"west": { "texture": "#oak", "uv": [ 0.0, 8.0, 16.0, 12.0 ], "autoUv": false },
				"up": { "texture": "#oak", "uv": [ 0.0, 9.0, 16.0, 16.0 ], "rotation": 90, "autoUv": false },
				"down": { "texture": "#oak", "uv": [ 0.0, 8.0, 16.0, 15.0 ], "rotation": 90, "autoUv": false }
			}
		},
		{
			"name": "N",
			"from": [ 5.0, 0.0, -10.5 ],
			"to": [ 11.0, 28.0, -4.5 ],
			"rotationOrigin": [ 6.5, 0.0, -9.0 ],
			"faces": {
				"north": { "texture": "#oak", "uv": [ 6.0, 0.0, 12.0, 16.0 ], "autoUv": false },
				"east": { "texture": "#oak", "uv": [ 9.0, 0.0, 15.0, 16.0 ], "autoUv": false },
				"south": { "texture": "#oak", "uv": [ 3.0, 0.0, 9.0, 16.0 ], "autoUv": false },
				"west": { "texture": "#oak", "uv": [ 10.0, 0.0, 16.0, 16.0 ], "autoUv": false },
				"up": { "texture": "#oak", "uv": [ 0.0, 0.0, 6.0, 6.0 ] },
				"down": { "texture": "#oak", "uv": [ 0.0, 0.0, 6.0, 6.0 ] }
			}
		},
		{
			"name": "N2",
			"from": [ 5.0, 0.0, 20.5 ],
			"to": [ 11.0, 28.0, 26.5 ],
			"rotationOrigin": [ 6.5, 0.0, 22.0 ],
			"faces": {
				"north": { "texture": "#oak", "uv": [ 6.0, 0.0, 12.0, 16.0 ], "autoUv": false },
				"east": { "texture": "#oak", "uv": [ 9.0, 0.0, 15.0, 16.0 ], "autoUv": false },
				"south": { "texture": "#oak", "uv": [ 3.0, 0.0, 9.0, 16.0 ], "autoUv": false },
				"west": { "texture": "#oak", "uv": [ 10.0, 0.0, 16.0, 16.0 ], "autoUv": false },
				"up": { "texture": "#oak", "uv": [ 0.0, 0.0, 6.0, 6.0 ] },
				"down": { "texture": "#oak", "uv": [ 0.0, 0.0, 6.0, 6.0 ] }
			}
		}
	]}
