{
	"editor": {
		"collapsedPaths": "Root/Cube37,Root/Cube49,Root/Cube13,Root/Cube79,Root/Cube25,Root/Cube55,Root/Cube67,Root/Cube31,Root/Cube97,Root/Cube43,Root/Cube19,Root/Cube1,Root/Cube2,Root/Cube73,Root/Cube85,Root/Cube61,Root/Cube91",
		"allAngles": false,
		"entityTextureMode": false
	},
	"textureWidth": 16,
	"textureHeight": 16,
	"textureSizes": {
	},
	"textures": {
		"meat": "game:item/food/meat/raw"
	},
	"elements": [
		{
			"name": "Cube1",
			"from": [ 4.0, 0.0, 6.0 ],
			"to": [ 10.0, 1.0, 7.5 ],
			"rotationOrigin": [ 4.0, 0.0, 6.0 ],
			"faces": {
				"north": { "texture": "#meat", "uv": [ 0.0, 1.0, 6.0, 2.0 ] },
				"east": { "texture": "#meat", "uv": [ 6.0, 2.0, 7.5, 3.0 ] },
				"south": { "texture": "#meat", "uv": [ 0.0, 0.0, 6.0, 1.0 ] },
				"west": { "texture": "#meat", "uv": [ 6.0, 3.0, 7.5, 4.0 ] },
				"up": { "texture": "#meat", "uv": [ 1.0, 1.0, 7.0, 2.5 ] },
				"down": { "texture": "#meat", "uv": [ 2.0, 0.0, 8.0, 1.5 ] }
			},
			"children": [
				{
					"name": "Cube3",
					"from": [ 0.5, 0.0, 1.5 ],
					"to": [ 5.0, 1.0, 2.0 ],
					"rotationOrigin": [ 1.0, 0.0, -1.0 ],
					"faces": {
						"east": { "texture": "#meat", "uv": [ 7.0, 2.0, 7.5, 3.0 ] },
						"west": { "texture": "#meat", "uv": [ 0.0, 1.0, 0.5, 2.0 ] },
						"up": { "texture": "#meat", "uv": [ 0.0, 0.5, 4.5, 1.0 ] },
						"down": { "texture": "#meat", "uv": [ 0.0, 0.0, 4.5, 0.5 ] }
					}
				},
				{
					"name": "Cube4",
					"from": [ 0.5, 0.0, 2.0 ],
					"to": [ 5.5, 1.0, 2.5 ],
					"rotationOrigin": [ 1.0, 0.0, -1.0 ],
					"faces": {
						"north": { "texture": "#meat", "uv": [ 0.0, 0.0, 5.0, 1.0 ] },
						"east": { "texture": "#meat", "uv": [ 7.0, 3.0, 7.5, 4.0 ] },
						"south": { "texture": "#meat", "uv": [ 1.0, 2.0, 6.0, 3.0 ] },
						"west": { "texture": "#meat", "uv": [ 7.0, 0.0, 7.5, 1.0 ] },
						"up": { "texture": "#meat", "uv": [ 0.0, 3.0, 5.0, 3.5 ] },
						"down": { "texture": "#meat", "uv": [ 0.0, 0.0, 5.0, 0.5 ] }
					}
				},
				{
					"name": "Cube5",
					"from": [ 1.0, 0.0, -0.5 ],
					"to": [ 5.0, 1.0, 0.0 ],
					"rotationOrigin": [ 1.0, 0.0, -1.0 ],
					"faces": {
						"north": { "texture": "#meat", "uv": [ 1.0, 3.0, 5.0, 4.0 ] },
						"east": { "texture": "#meat", "uv": [ 6.0, 3.0, 6.5, 4.0 ] },
						"west": { "texture": "#meat", "uv": [ 3.0, 3.0, 3.5, 4.0 ] },
						"up": { "texture": "#meat", "uv": [ 1.0, 3.0, 5.0, 3.5 ] },
						"down": { "texture": "#meat", "uv": [ 0.0, 0.0, 4.0, 0.5 ] }
					}
				},
				{
					"name": "Cube6",
					"from": [ 1.5, 0.0, -1.0 ],
					"to": [ 4.5, 0.5, -0.5 ],
					"rotationOrigin": [ 1.0, 0.0, -1.0 ],
					"faces": {
						"north": { "texture": "#meat", "uv": [ 0.0, 2.0, 3.0, 2.5 ] },
						"east": { "texture": "#meat", "uv": [ 0.0, 0.0, 0.5, 0.5 ] },
						"west": { "texture": "#meat", "uv": [ 0.0, 0.0, 0.5, 0.5 ] },
						"up": { "texture": "#meat", "uv": [ 1.0, 2.0, 4.0, 2.5 ] },
						"down": { "texture": "#meat", "uv": [ 0.0, 0.0, 3.0, 0.5 ] }
					}
				},
				{
					"name": "Cube7",
					"from": [ 1.5, 0.0, 2.5 ],
					"to": [ 4.5, 0.5, 3.0 ],
					"rotationOrigin": [ 1.0, 0.0, -1.0 ],
					"faces": {
						"east": { "texture": "#meat", "uv": [ 5.0, 1.0, 5.5, 1.5 ] },
						"south": { "texture": "#meat", "uv": [ 1.0, 3.0, 4.0, 3.5 ] },
						"west": { "texture": "#meat", "uv": [ 1.0, 3.0, 1.5, 3.5 ] },
						"up": { "texture": "#meat", "uv": [ 3.0, 3.0, 6.0, 3.5 ] },
						"down": { "texture": "#meat", "uv": [ 0.0, 0.0, 3.0, 0.5 ] }
					}
				}
			]
		},
		{
			"name": "Cube2",
			"from": [ 4.0, 0.0, 10.0 ],
			"to": [ 10.0, 1.0, 11.5 ],
			"rotationOrigin": [ 4.0, 0.0, 10.0 ],
			"faces": {
				"north": { "texture": "#meat", "uv": [ 0.0, 1.0, 6.0, 2.0 ] },
				"east": { "texture": "#meat", "uv": [ 6.0, 2.0, 7.5, 3.0 ] },
				"south": { "texture": "#meat", "uv": [ 0.0, 0.0, 6.0, 1.0 ] },
				"west": { "texture": "#meat", "uv": [ 6.0, 3.0, 7.5, 4.0 ] },
				"up": { "texture": "#meat", "uv": [ 1.0, 1.0, 7.0, 2.5 ] },
				"down": { "texture": "#meat", "uv": [ 2.0, 0.0, 8.0, 1.5 ] }
			},
			"children": [
				{
					"name": "Cube8",
					"from": [ 0.5, 0.0, 1.5 ],
					"to": [ 5.0, 1.0, 2.0 ],
					"rotationOrigin": [ 1.0, 0.0, -1.0 ],
					"faces": {
						"east": { "texture": "#meat", "uv": [ 7.0, 2.0, 7.5, 3.0 ] },
						"west": { "texture": "#meat", "uv": [ 0.0, 1.0, 0.5, 2.0 ] },
						"up": { "texture": "#meat", "uv": [ 0.0, 0.5, 4.5, 1.0 ] },
						"down": { "texture": "#meat", "uv": [ 0.0, 0.0, 4.5, 0.5 ] }
					}
				},
				{
					"name": "Cube9",
					"from": [ 0.5, 0.0, 2.0 ],
					"to": [ 5.5, 1.0, 2.5 ],
					"rotationOrigin": [ 1.0, 0.0, -1.0 ],
					"faces": {
						"north": { "texture": "#meat", "uv": [ 0.0, 0.0, 5.0, 1.0 ] },
						"east": { "texture": "#meat", "uv": [ 7.0, 3.0, 7.5, 4.0 ] },
						"south": { "texture": "#meat", "uv": [ 1.0, 2.0, 6.0, 3.0 ] },
						"west": { "texture": "#meat", "uv": [ 7.0, 0.0, 7.5, 1.0 ] },
						"up": { "texture": "#meat", "uv": [ 0.0, 3.0, 5.0, 3.5 ] },
						"down": { "texture": "#meat", "uv": [ 0.0, 0.0, 5.0, 0.5 ] }
					}
				},
				{
					"name": "Cube10",
					"from": [ 1.0, 0.0, -0.5 ],
					"to": [ 5.0, 1.0, 0.0 ],
					"rotationOrigin": [ 1.0, 0.0, -1.0 ],
					"faces": {
						"north": { "texture": "#meat", "uv": [ 1.0, 3.0, 5.0, 4.0 ] },
						"east": { "texture": "#meat", "uv": [ 6.0, 3.0, 6.5, 4.0 ] },
						"west": { "texture": "#meat", "uv": [ 3.0, 3.0, 3.5, 4.0 ] },
						"up": { "texture": "#meat", "uv": [ 1.0, 3.0, 5.0, 3.5 ] },
						"down": { "texture": "#meat", "uv": [ 0.0, 0.0, 4.0, 0.5 ] }
					}
				},
				{
					"name": "Cube11",
					"from": [ 1.5, 0.0, -1.0 ],
					"to": [ 4.5, 0.5, -0.5 ],
					"rotationOrigin": [ 1.0, 0.0, -1.0 ],
					"faces": {
						"north": { "texture": "#meat", "uv": [ 0.0, 2.0, 3.0, 2.5 ] },
						"east": { "texture": "#meat", "uv": [ 0.0, 0.0, 0.5, 0.5 ] },
						"west": { "texture": "#meat", "uv": [ 0.0, 0.0, 0.5, 0.5 ] },
						"up": { "texture": "#meat", "uv": [ 1.0, 2.0, 4.0, 2.5 ] },
						"down": { "texture": "#meat", "uv": [ 0.0, 0.0, 3.0, 0.5 ] }
					}
				},
				{
					"name": "Cube12",
					"from": [ 1.5, 0.0, 2.5 ],
					"to": [ 4.5, 0.5, 3.0 ],
					"rotationOrigin": [ 1.0, 0.0, -1.0 ],
					"faces": {
						"east": { "texture": "#meat", "uv": [ 5.0, 1.0, 5.5, 1.5 ] },
						"south": { "texture": "#meat", "uv": [ 1.0, 3.0, 4.0, 3.5 ] },
						"west": { "texture": "#meat", "uv": [ 1.0, 3.0, 1.5, 3.5 ] },
						"up": { "texture": "#meat", "uv": [ 3.0, 3.0, 6.0, 3.5 ] },
						"down": { "texture": "#meat", "uv": [ 0.0, 0.0, 3.0, 0.5 ] }
					}
				}
			]
		},
		{
			"name": "Cube13",
			"from": [ 4.0, 1.0, 12.0 ],
			"to": [ 10.0, 2.0, 13.5 ],
			"rotationOrigin": [ 4.0, 1.0, 12.0 ],
			"faces": {
				"north": { "texture": "#meat", "uv": [ 0.0, 1.0, 6.0, 2.0 ] },
				"east": { "texture": "#meat", "uv": [ 6.0, 2.0, 7.5, 3.0 ] },
				"south": { "texture": "#meat", "uv": [ 0.0, 0.0, 6.0, 1.0 ] },
				"west": { "texture": "#meat", "uv": [ 6.0, 3.0, 7.5, 4.0 ] },
				"up": { "texture": "#meat", "uv": [ 1.0, 1.0, 7.0, 2.5 ] },
				"down": { "texture": "#meat", "uv": [ 2.0, 0.0, 8.0, 1.5 ] }
			},
			"children": [
				{
					"name": "Cube14",
					"from": [ 0.5, 0.0, 1.5 ],
					"to": [ 5.0, 1.0, 2.0 ],
					"rotationOrigin": [ 1.0, 0.0, -1.0 ],
					"faces": {
						"east": { "texture": "#meat", "uv": [ 7.0, 2.0, 7.5, 3.0 ] },
						"west": { "texture": "#meat", "uv": [ 0.0, 1.0, 0.5, 2.0 ] },
						"up": { "texture": "#meat", "uv": [ 0.0, 0.5, 4.5, 1.0 ] },
						"down": { "texture": "#meat", "uv": [ 0.0, 0.0, 4.5, 0.5 ] }
					}
				},
				{
					"name": "Cube15",
					"from": [ 0.5, 0.0, 2.0 ],
					"to": [ 5.5, 1.0, 2.5 ],
					"rotationOrigin": [ 1.0, 0.0, -1.0 ],
					"faces": {
						"north": { "texture": "#meat", "uv": [ 0.0, 0.0, 5.0, 1.0 ] },
						"east": { "texture": "#meat", "uv": [ 7.0, 3.0, 7.5, 4.0 ] },
						"south": { "texture": "#meat", "uv": [ 1.0, 2.0, 6.0, 3.0 ] },
						"west": { "texture": "#meat", "uv": [ 7.0, 0.0, 7.5, 1.0 ] },
						"up": { "texture": "#meat", "uv": [ 0.0, 3.0, 5.0, 3.5 ] },
						"down": { "texture": "#meat", "uv": [ 0.0, 0.0, 5.0, 0.5 ] }
					}
				},
				{
					"name": "Cube16",
					"from": [ 1.0, 0.0, -0.5 ],
					"to": [ 5.0, 1.0, 0.0 ],
					"rotationOrigin": [ 1.0, 0.0, -1.0 ],
					"faces": {
						"north": { "texture": "#meat", "uv": [ 1.0, 3.0, 5.0, 4.0 ] },
						"east": { "texture": "#meat", "uv": [ 6.0, 3.0, 6.5, 4.0 ] },
						"west": { "texture": "#meat", "uv": [ 3.0, 3.0, 3.5, 4.0 ] },
						"up": { "texture": "#meat", "uv": [ 1.0, 3.0, 5.0, 3.5 ] },
						"down": { "texture": "#meat", "uv": [ 0.0, 0.0, 4.0, 0.5 ] }
					}
				},
				{
					"name": "Cube17",
					"from": [ 1.5, 0.0, -1.0 ],
					"to": [ 4.5, 0.5, -0.5 ],
					"rotationOrigin": [ 1.0, 0.0, -1.0 ],
					"faces": {
						"north": { "texture": "#meat", "uv": [ 0.0, 2.0, 3.0, 2.5 ] },
						"east": { "texture": "#meat", "uv": [ 0.0, 0.0, 0.5, 0.5 ] },
						"west": { "texture": "#meat", "uv": [ 0.0, 0.0, 0.5, 0.5 ] },
						"up": { "texture": "#meat", "uv": [ 1.0, 2.0, 4.0, 2.5 ] },
						"down": { "texture": "#meat", "uv": [ 0.0, 0.0, 3.0, 0.5 ] }
					}
				},
				{
					"name": "Cube18",
					"from": [ 1.5, 0.0, 2.5 ],
					"to": [ 4.5, 0.5, 3.0 ],
					"rotationOrigin": [ 1.0, 0.0, -1.0 ],
					"faces": {
						"east": { "texture": "#meat", "uv": [ 5.0, 1.0, 5.5, 1.5 ] },
						"south": { "texture": "#meat", "uv": [ 1.0, 3.0, 4.0, 3.5 ] },
						"west": { "texture": "#meat", "uv": [ 1.0, 3.0, 1.5, 3.5 ] },
						"up": { "texture": "#meat", "uv": [ 3.0, 3.0, 6.0, 3.5 ] },
						"down": { "texture": "#meat", "uv": [ 0.0, 0.0, 3.0, 0.5 ] }
					}
				}
			]
		},
		{
			"name": "Cube19",
			"from": [ 4.0, 1.0, 8.0 ],
			"to": [ 10.0, 2.0, 9.5 ],
			"rotationOrigin": [ 4.0, 1.0, 8.0 ],
			"faces": {
				"north": { "texture": "#meat", "uv": [ 0.0, 1.0, 6.0, 2.0 ] },
				"east": { "texture": "#meat", "uv": [ 6.0, 2.0, 7.5, 3.0 ] },
				"south": { "texture": "#meat", "uv": [ 0.0, 0.0, 6.0, 1.0 ] },
				"west": { "texture": "#meat", "uv": [ 6.0, 3.0, 7.5, 4.0 ] },
				"up": { "texture": "#meat", "uv": [ 1.0, 1.0, 7.0, 2.5 ] },
				"down": { "texture": "#meat", "uv": [ 2.0, 0.0, 8.0, 1.5 ] }
			},
			"children": [
				{
					"name": "Cube20",
					"from": [ 0.5, 0.0, 1.5 ],
					"to": [ 5.0, 1.0, 2.0 ],
					"rotationOrigin": [ 1.0, 0.0, -1.0 ],
					"faces": {
						"east": { "texture": "#meat", "uv": [ 7.0, 2.0, 7.5, 3.0 ] },
						"west": { "texture": "#meat", "uv": [ 0.0, 1.0, 0.5, 2.0 ] },
						"up": { "texture": "#meat", "uv": [ 0.0, 0.5, 4.5, 1.0 ] },
						"down": { "texture": "#meat", "uv": [ 0.0, 0.0, 4.5, 0.5 ] }
					}
				},
				{
					"name": "Cube21",
					"from": [ 0.5, 0.0, 2.0 ],
					"to": [ 5.5, 1.0, 2.5 ],
					"rotationOrigin": [ 1.0, 0.0, -1.0 ],
					"faces": {
						"north": { "texture": "#meat", "uv": [ 0.0, 0.0, 5.0, 1.0 ] },
						"east": { "texture": "#meat", "uv": [ 7.0, 3.0, 7.5, 4.0 ] },
						"south": { "texture": "#meat", "uv": [ 1.0, 2.0, 6.0, 3.0 ] },
						"west": { "texture": "#meat", "uv": [ 7.0, 0.0, 7.5, 1.0 ] },
						"up": { "texture": "#meat", "uv": [ 0.0, 3.0, 5.0, 3.5 ] },
						"down": { "texture": "#meat", "uv": [ 0.0, 0.0, 5.0, 0.5 ] }
					}
				},
				{
					"name": "Cube22",
					"from": [ 1.0, 0.0, -0.5 ],
					"to": [ 5.0, 1.0, 0.0 ],
					"rotationOrigin": [ 1.0, 0.0, -1.0 ],
					"faces": {
						"north": { "texture": "#meat", "uv": [ 1.0, 3.0, 5.0, 4.0 ] },
						"east": { "texture": "#meat", "uv": [ 6.0, 3.0, 6.5, 4.0 ] },
						"west": { "texture": "#meat", "uv": [ 3.0, 3.0, 3.5, 4.0 ] },
						"up": { "texture": "#meat", "uv": [ 1.0, 3.0, 5.0, 3.5 ] },
						"down": { "texture": "#meat", "uv": [ 0.0, 0.0, 4.0, 0.5 ] }
					}
				},
				{
					"name": "Cube23",
					"from": [ 1.5, 0.0, -1.0 ],
					"to": [ 4.5, 0.5, -0.5 ],
					"rotationOrigin": [ 1.0, 0.0, -1.0 ],
					"faces": {
						"north": { "texture": "#meat", "uv": [ 0.0, 2.0, 3.0, 2.5 ] },
						"east": { "texture": "#meat", "uv": [ 0.0, 0.0, 0.5, 0.5 ] },
						"west": { "texture": "#meat", "uv": [ 0.0, 0.0, 0.5, 0.5 ] },
						"up": { "texture": "#meat", "uv": [ 1.0, 2.0, 4.0, 2.5 ] },
						"down": { "texture": "#meat", "uv": [ 0.0, 0.0, 3.0, 0.5 ] }
					}
				},
				{
					"name": "Cube24",
					"from": [ 1.5, 0.0, 2.5 ],
					"to": [ 4.5, 0.5, 3.0 ],
					"rotationOrigin": [ 1.0, 0.0, -1.0 ],
					"faces": {
						"east": { "texture": "#meat", "uv": [ 5.0, 1.0, 5.5, 1.5 ] },
						"south": { "texture": "#meat", "uv": [ 1.0, 3.0, 4.0, 3.5 ] },
						"west": { "texture": "#meat", "uv": [ 1.0, 3.0, 1.5, 3.5 ] },
						"up": { "texture": "#meat", "uv": [ 3.0, 3.0, 6.0, 3.5 ] },
						"down": { "texture": "#meat", "uv": [ 0.0, 0.0, 3.0, 0.5 ] }
					}
				}
			]
		},
		{
			"name": "Cube25",
			"from": [ 4.0, 1.0, 4.0 ],
			"to": [ 10.0, 2.0, 5.5 ],
			"rotationOrigin": [ 4.0, 1.0, 4.0 ],
			"faces": {
				"north": { "texture": "#meat", "uv": [ 0.0, 1.0, 6.0, 2.0 ] },
				"east": { "texture": "#meat", "uv": [ 6.0, 2.0, 7.5, 3.0 ] },
				"south": { "texture": "#meat", "uv": [ 0.0, 0.0, 6.0, 1.0 ] },
				"west": { "texture": "#meat", "uv": [ 6.0, 3.0, 7.5, 4.0 ] },
				"up": { "texture": "#meat", "uv": [ 1.0, 1.0, 7.0, 2.5 ] },
				"down": { "texture": "#meat", "uv": [ 2.0, 0.0, 8.0, 1.5 ] }
			},
			"children": [
				{
					"name": "Cube26",
					"from": [ 0.5, 0.0, 1.5 ],
					"to": [ 5.0, 1.0, 2.0 ],
					"rotationOrigin": [ 1.0, 0.0, -1.0 ],
					"faces": {
						"east": { "texture": "#meat", "uv": [ 7.0, 2.0, 7.5, 3.0 ] },
						"west": { "texture": "#meat", "uv": [ 0.0, 1.0, 0.5, 2.0 ] },
						"up": { "texture": "#meat", "uv": [ 0.0, 0.5, 4.5, 1.0 ] },
						"down": { "texture": "#meat", "uv": [ 0.0, 0.0, 4.5, 0.5 ] }
					}
				},
				{
					"name": "Cube27",
					"from": [ 0.5, 0.0, 2.0 ],
					"to": [ 5.5, 1.0, 2.5 ],
					"rotationOrigin": [ 1.0, 0.0, -1.0 ],
					"faces": {
						"north": { "texture": "#meat", "uv": [ 0.0, 0.0, 5.0, 1.0 ] },
						"east": { "texture": "#meat", "uv": [ 7.0, 3.0, 7.5, 4.0 ] },
						"south": { "texture": "#meat", "uv": [ 1.0, 2.0, 6.0, 3.0 ] },
						"west": { "texture": "#meat", "uv": [ 7.0, 0.0, 7.5, 1.0 ] },
						"up": { "texture": "#meat", "uv": [ 0.0, 3.0, 5.0, 3.5 ] },
						"down": { "texture": "#meat", "uv": [ 0.0, 0.0, 5.0, 0.5 ] }
					}
				},
				{
					"name": "Cube28",
					"from": [ 1.0, 0.0, -0.5 ],
					"to": [ 5.0, 1.0, 0.0 ],
					"rotationOrigin": [ 1.0, 0.0, -1.0 ],
					"faces": {
						"north": { "texture": "#meat", "uv": [ 1.0, 3.0, 5.0, 4.0 ] },
						"east": { "texture": "#meat", "uv": [ 6.0, 3.0, 6.5, 4.0 ] },
						"west": { "texture": "#meat", "uv": [ 3.0, 3.0, 3.5, 4.0 ] },
						"up": { "texture": "#meat", "uv": [ 1.0, 3.0, 5.0, 3.5 ] },
						"down": { "texture": "#meat", "uv": [ 0.0, 0.0, 4.0, 0.5 ] }
					}
				},
				{
					"name": "Cube29",
					"from": [ 1.5, 0.0, -1.0 ],
					"to": [ 4.5, 0.5, -0.5 ],
					"rotationOrigin": [ 1.0, 0.0, -1.0 ],
					"faces": {
						"north": { "texture": "#meat", "uv": [ 0.0, 2.0, 3.0, 2.5 ] },
						"east": { "texture": "#meat", "uv": [ 0.0, 0.0, 0.5, 0.5 ] },
						"west": { "texture": "#meat", "uv": [ 0.0, 0.0, 0.5, 0.5 ] },
						"up": { "texture": "#meat", "uv": [ 1.0, 2.0, 4.0, 2.5 ] },
						"down": { "texture": "#meat", "uv": [ 0.0, 0.0, 3.0, 0.5 ] }
					}
				},
				{
					"name": "Cube30",
					"from": [ 1.5, 0.0, 2.5 ],
					"to": [ 4.5, 0.5, 3.0 ],
					"rotationOrigin": [ 1.0, 0.0, -1.0 ],
					"faces": {
						"east": { "texture": "#meat", "uv": [ 5.0, 1.0, 5.5, 1.5 ] },
						"south": { "texture": "#meat", "uv": [ 1.0, 3.0, 4.0, 3.5 ] },
						"west": { "texture": "#meat", "uv": [ 1.0, 3.0, 1.5, 3.5 ] },
						"up": { "texture": "#meat", "uv": [ 3.0, 3.0, 6.0, 3.5 ] },
						"down": { "texture": "#meat", "uv": [ 0.0, 0.0, 3.0, 0.5 ] }
					}
				}
			]
		},
		{
			"name": "Cube31",
			"from": [ 4.0, 2.0, 6.0 ],
			"to": [ 10.0, 3.0, 7.5 ],
			"rotationOrigin": [ 4.0, 2.0, 6.0 ],
			"faces": {
				"north": { "texture": "#meat", "uv": [ 0.0, 1.0, 6.0, 2.0 ] },
				"east": { "texture": "#meat", "uv": [ 6.0, 2.0, 7.5, 3.0 ] },
				"south": { "texture": "#meat", "uv": [ 0.0, 0.0, 6.0, 1.0 ] },
				"west": { "texture": "#meat", "uv": [ 6.0, 3.0, 7.5, 4.0 ] },
				"up": { "texture": "#meat", "uv": [ 1.0, 1.0, 7.0, 2.5 ] },
				"down": { "texture": "#meat", "uv": [ 2.0, 0.0, 8.0, 1.5 ] }
			},
			"children": [
				{
					"name": "Cube32",
					"from": [ 0.5, 0.0, 1.5 ],
					"to": [ 5.0, 1.0, 2.0 ],
					"rotationOrigin": [ 1.0, 0.0, -1.0 ],
					"faces": {
						"east": { "texture": "#meat", "uv": [ 7.0, 2.0, 7.5, 3.0 ] },
						"west": { "texture": "#meat", "uv": [ 0.0, 1.0, 0.5, 2.0 ] },
						"up": { "texture": "#meat", "uv": [ 0.0, 0.5, 4.5, 1.0 ] },
						"down": { "texture": "#meat", "uv": [ 0.0, 0.0, 4.5, 0.5 ] }
					}
				},
				{
					"name": "Cube33",
					"from": [ 0.5, 0.0, 2.0 ],
					"to": [ 5.5, 1.0, 2.5 ],
					"rotationOrigin": [ 1.0, 0.0, -1.0 ],
					"faces": {
						"north": { "texture": "#meat", "uv": [ 0.0, 0.0, 5.0, 1.0 ] },
						"east": { "texture": "#meat", "uv": [ 7.0, 3.0, 7.5, 4.0 ] },
						"south": { "texture": "#meat", "uv": [ 1.0, 2.0, 6.0, 3.0 ] },
						"west": { "texture": "#meat", "uv": [ 7.0, 0.0, 7.5, 1.0 ] },
						"up": { "texture": "#meat", "uv": [ 0.0, 3.0, 5.0, 3.5 ] },
						"down": { "texture": "#meat", "uv": [ 0.0, 0.0, 5.0, 0.5 ] }
					}
				},
				{
					"name": "Cube34",
					"from": [ 1.0, 0.0, -0.5 ],
					"to": [ 5.0, 1.0, 0.0 ],
					"rotationOrigin": [ 1.0, 0.0, -1.0 ],
					"faces": {
						"north": { "texture": "#meat", "uv": [ 1.0, 3.0, 5.0, 4.0 ] },
						"east": { "texture": "#meat", "uv": [ 6.0, 3.0, 6.5, 4.0 ] },
						"west": { "texture": "#meat", "uv": [ 3.0, 3.0, 3.5, 4.0 ] },
						"up": { "texture": "#meat", "uv": [ 1.0, 3.0, 5.0, 3.5 ] },
						"down": { "texture": "#meat", "uv": [ 0.0, 0.0, 4.0, 0.5 ] }
					}
				},
				{
					"name": "Cube35",
					"from": [ 1.5, 0.0, -1.0 ],
					"to": [ 4.5, 0.5, -0.5 ],
					"rotationOrigin": [ 1.0, 0.0, -1.0 ],
					"faces": {
						"north": { "texture": "#meat", "uv": [ 0.0, 2.0, 3.0, 2.5 ] },
						"east": { "texture": "#meat", "uv": [ 0.0, 0.0, 0.5, 0.5 ] },
						"west": { "texture": "#meat", "uv": [ 0.0, 0.0, 0.5, 0.5 ] },
						"up": { "texture": "#meat", "uv": [ 1.0, 2.0, 4.0, 2.5 ] },
						"down": { "texture": "#meat", "uv": [ 0.0, 0.0, 3.0, 0.5 ] }
					}
				},
				{
					"name": "Cube36",
					"from": [ 1.5, 0.0, 2.5 ],
					"to": [ 4.5, 0.5, 3.0 ],
					"rotationOrigin": [ 1.0, 0.0, -1.0 ],
					"faces": {
						"east": { "texture": "#meat", "uv": [ 5.0, 1.0, 5.5, 1.5 ] },
						"south": { "texture": "#meat", "uv": [ 1.0, 3.0, 4.0, 3.5 ] },
						"west": { "texture": "#meat", "uv": [ 1.0, 3.0, 1.5, 3.5 ] },
						"up": { "texture": "#meat", "uv": [ 3.0, 3.0, 6.0, 3.5 ] },
						"down": { "texture": "#meat", "uv": [ 0.0, 0.0, 3.0, 0.5 ] }
					}
				}
			]
		},
		{
			"name": "Cube37",
			"from": [ 4.0, 2.0, 11.0 ],
			"to": [ 10.0, 3.0, 12.5 ],
			"rotationOrigin": [ 4.0, 2.0, 11.0 ],
			"faces": {
				"north": { "texture": "#meat", "uv": [ 0.0, 1.0, 6.0, 2.0 ] },
				"east": { "texture": "#meat", "uv": [ 6.0, 2.0, 7.5, 3.0 ] },
				"south": { "texture": "#meat", "uv": [ 0.0, 0.0, 6.0, 1.0 ] },
				"west": { "texture": "#meat", "uv": [ 6.0, 3.0, 7.5, 4.0 ] },
				"up": { "texture": "#meat", "uv": [ 1.0, 1.0, 7.0, 2.5 ] },
				"down": { "texture": "#meat", "uv": [ 2.0, 0.0, 8.0, 1.5 ] }
			},
			"children": [
				{
					"name": "Cube38",
					"from": [ 0.5, 0.0, 1.5 ],
					"to": [ 5.0, 1.0, 2.0 ],
					"rotationOrigin": [ 1.0, 0.0, -1.0 ],
					"faces": {
						"east": { "texture": "#meat", "uv": [ 7.0, 2.0, 7.5, 3.0 ] },
						"west": { "texture": "#meat", "uv": [ 0.0, 1.0, 0.5, 2.0 ] },
						"up": { "texture": "#meat", "uv": [ 0.0, 0.5, 4.5, 1.0 ] },
						"down": { "texture": "#meat", "uv": [ 0.0, 0.0, 4.5, 0.5 ] }
					}
				},
				{
					"name": "Cube39",
					"from": [ 0.5, 0.0, 2.0 ],
					"to": [ 5.5, 1.0, 2.5 ],
					"rotationOrigin": [ 1.0, 0.0, -1.0 ],
					"faces": {
						"north": { "texture": "#meat", "uv": [ 0.0, 0.0, 5.0, 1.0 ] },
						"east": { "texture": "#meat", "uv": [ 7.0, 3.0, 7.5, 4.0 ] },
						"south": { "texture": "#meat", "uv": [ 1.0, 2.0, 6.0, 3.0 ] },
						"west": { "texture": "#meat", "uv": [ 7.0, 0.0, 7.5, 1.0 ] },
						"up": { "texture": "#meat", "uv": [ 0.0, 3.0, 5.0, 3.5 ] },
						"down": { "texture": "#meat", "uv": [ 0.0, 0.0, 5.0, 0.5 ] }
					}
				},
				{
					"name": "Cube40",
					"from": [ 1.0, 0.0, -0.5 ],
					"to": [ 5.0, 1.0, 0.0 ],
					"rotationOrigin": [ 1.0, 0.0, -1.0 ],
					"faces": {
						"north": { "texture": "#meat", "uv": [ 1.0, 3.0, 5.0, 4.0 ] },
						"east": { "texture": "#meat", "uv": [ 6.0, 3.0, 6.5, 4.0 ] },
						"west": { "texture": "#meat", "uv": [ 3.0, 3.0, 3.5, 4.0 ] },
						"up": { "texture": "#meat", "uv": [ 1.0, 3.0, 5.0, 3.5 ] },
						"down": { "texture": "#meat", "uv": [ 0.0, 0.0, 4.0, 0.5 ] }
					}
				},
				{
					"name": "Cube41",
					"from": [ 1.5, 0.0, -1.0 ],
					"to": [ 4.5, 0.5, -0.5 ],
					"rotationOrigin": [ 1.0, 0.0, -1.0 ],
					"faces": {
						"north": { "texture": "#meat", "uv": [ 0.0, 2.0, 3.0, 2.5 ] },
						"east": { "texture": "#meat", "uv": [ 0.0, 0.0, 0.5, 0.5 ] },
						"west": { "texture": "#meat", "uv": [ 0.0, 0.0, 0.5, 0.5 ] },
						"up": { "texture": "#meat", "uv": [ 1.0, 2.0, 4.0, 2.5 ] },
						"down": { "texture": "#meat", "uv": [ 0.0, 0.0, 3.0, 0.5 ] }
					}
				},
				{
					"name": "Cube42",
					"from": [ 1.5, 0.0, 2.5 ],
					"to": [ 4.5, 0.5, 3.0 ],
					"rotationOrigin": [ 1.0, 0.0, -1.0 ],
					"faces": {
						"east": { "texture": "#meat", "uv": [ 5.0, 1.0, 5.5, 1.5 ] },
						"south": { "texture": "#meat", "uv": [ 1.0, 3.0, 4.0, 3.5 ] },
						"west": { "texture": "#meat", "uv": [ 1.0, 3.0, 1.5, 3.5 ] },
						"up": { "texture": "#meat", "uv": [ 3.0, 3.0, 6.0, 3.5 ] },
						"down": { "texture": "#meat", "uv": [ 0.0, 0.0, 3.0, 0.5 ] }
					}
				}
			]
		},
		{
			"name": "Cube43",
			"from": [ 4.0, 3.0, 8.0 ],
			"to": [ 10.0, 4.0, 9.5 ],
			"rotationOrigin": [ 4.0, 3.0, 8.0 ],
			"rotationX": 22.5,
			"rotationY": 22.5,
			"faces": {
				"north": { "texture": "#meat", "uv": [ 0.0, 1.0, 6.0, 2.0 ] },
				"east": { "texture": "#meat", "uv": [ 6.0, 2.0, 7.5, 3.0 ] },
				"south": { "texture": "#meat", "uv": [ 0.0, 0.0, 6.0, 1.0 ] },
				"west": { "texture": "#meat", "uv": [ 6.0, 3.0, 7.5, 4.0 ] },
				"up": { "texture": "#meat", "uv": [ 1.0, 1.0, 7.0, 2.5 ] },
				"down": { "texture": "#meat", "uv": [ 2.0, 0.0, 8.0, 1.5 ] }
			},
			"children": [
				{
					"name": "Cube44",
					"from": [ 0.5, 0.0, 1.5 ],
					"to": [ 5.0, 1.0, 2.0 ],
					"rotationOrigin": [ 1.0, 0.0, -1.0 ],
					"faces": {
						"east": { "texture": "#meat", "uv": [ 7.0, 2.0, 7.5, 3.0 ] },
						"west": { "texture": "#meat", "uv": [ 0.0, 1.0, 0.5, 2.0 ] },
						"up": { "texture": "#meat", "uv": [ 0.0, 0.5, 4.5, 1.0 ] },
						"down": { "texture": "#meat", "uv": [ 0.0, 0.0, 4.5, 0.5 ] }
					}
				},
				{
					"name": "Cube45",
					"from": [ 0.5, 0.0, 2.0 ],
					"to": [ 5.5, 1.0, 2.5 ],
					"rotationOrigin": [ 1.0, 0.0, -1.0 ],
					"faces": {
						"north": { "texture": "#meat", "uv": [ 0.0, 0.0, 5.0, 1.0 ] },
						"east": { "texture": "#meat", "uv": [ 7.0, 3.0, 7.5, 4.0 ] },
						"south": { "texture": "#meat", "uv": [ 1.0, 2.0, 6.0, 3.0 ] },
						"west": { "texture": "#meat", "uv": [ 7.0, 0.0, 7.5, 1.0 ] },
						"up": { "texture": "#meat", "uv": [ 0.0, 3.0, 5.0, 3.5 ] },
						"down": { "texture": "#meat", "uv": [ 0.0, 0.0, 5.0, 0.5 ] }
					}
				},
				{
					"name": "Cube46",
					"from": [ 1.0, 0.0, -0.5 ],
					"to": [ 5.0, 1.0, 0.0 ],
					"rotationOrigin": [ 1.0, 0.0, -1.0 ],
					"faces": {
						"north": { "texture": "#meat", "uv": [ 1.0, 3.0, 5.0, 4.0 ] },
						"east": { "texture": "#meat", "uv": [ 6.0, 3.0, 6.5, 4.0 ] },
						"west": { "texture": "#meat", "uv": [ 3.0, 3.0, 3.5, 4.0 ] },
						"up": { "texture": "#meat", "uv": [ 1.0, 3.0, 5.0, 3.5 ] },
						"down": { "texture": "#meat", "uv": [ 0.0, 0.0, 4.0, 0.5 ] }
					}
				},
				{
					"name": "Cube47",
					"from": [ 1.5, 0.0, -1.0 ],
					"to": [ 4.5, 0.5, -0.5 ],
					"rotationOrigin": [ 1.0, 0.0, -1.0 ],
					"faces": {
						"north": { "texture": "#meat", "uv": [ 0.0, 2.0, 3.0, 2.5 ] },
						"east": { "texture": "#meat", "uv": [ 0.0, 0.0, 0.5, 0.5 ] },
						"west": { "texture": "#meat", "uv": [ 0.0, 0.0, 0.5, 0.5 ] },
						"up": { "texture": "#meat", "uv": [ 1.0, 2.0, 4.0, 2.5 ] },
						"down": { "texture": "#meat", "uv": [ 0.0, 0.0, 3.0, 0.5 ] }
					}
				},
				{
					"name": "Cube48",
					"from": [ 1.5, 0.0, 2.5 ],
					"to": [ 4.5, 0.5, 3.0 ],
					"rotationOrigin": [ 1.0, 0.0, -1.0 ],
					"faces": {
						"east": { "texture": "#meat", "uv": [ 5.0, 1.0, 5.5, 1.5 ] },
						"south": { "texture": "#meat", "uv": [ 1.0, 3.0, 4.0, 3.5 ] },
						"west": { "texture": "#meat", "uv": [ 1.0, 3.0, 1.5, 3.5 ] },
						"up": { "texture": "#meat", "uv": [ 3.0, 3.0, 6.0, 3.5 ] },
						"down": { "texture": "#meat", "uv": [ 0.0, 0.0, 3.0, 0.5 ] }
					}
				}
			]
		},
		{
			"name": "Cube49",
			"from": [ 4.0, 3.0, 11.0 ],
			"to": [ 10.0, 4.0, 12.5 ],
			"rotationOrigin": [ 4.0, 3.0, 11.0 ],
			"rotationX": 22.5,
			"faces": {
				"north": { "texture": "#meat", "uv": [ 0.0, 1.0, 6.0, 2.0 ] },
				"east": { "texture": "#meat", "uv": [ 6.0, 2.0, 7.5, 3.0 ] },
				"south": { "texture": "#meat", "uv": [ 0.0, 0.0, 6.0, 1.0 ] },
				"west": { "texture": "#meat", "uv": [ 6.0, 3.0, 7.5, 4.0 ] },
				"up": { "texture": "#meat", "uv": [ 1.0, 1.0, 7.0, 2.5 ] },
				"down": { "texture": "#meat", "uv": [ 2.0, 0.0, 8.0, 1.5 ] }
			},
			"children": [
				{
					"name": "Cube50",
					"from": [ 0.5, 0.0, 1.5 ],
					"to": [ 5.0, 1.0, 2.0 ],
					"rotationOrigin": [ 1.0, 0.0, -1.0 ],
					"faces": {
						"east": { "texture": "#meat", "uv": [ 7.0, 2.0, 7.5, 3.0 ] },
						"west": { "texture": "#meat", "uv": [ 0.0, 1.0, 0.5, 2.0 ] },
						"up": { "texture": "#meat", "uv": [ 0.0, 0.5, 4.5, 1.0 ] },
						"down": { "texture": "#meat", "uv": [ 0.0, 0.0, 4.5, 0.5 ] }
					}
				},
				{
					"name": "Cube51",
					"from": [ 0.5, 0.0, 2.0 ],
					"to": [ 5.5, 1.0, 2.5 ],
					"rotationOrigin": [ 1.0, 0.0, -1.0 ],
					"faces": {
						"north": { "texture": "#meat", "uv": [ 0.0, 0.0, 5.0, 1.0 ] },
						"east": { "texture": "#meat", "uv": [ 7.0, 3.0, 7.5, 4.0 ] },
						"south": { "texture": "#meat", "uv": [ 1.0, 2.0, 6.0, 3.0 ] },
						"west": { "texture": "#meat", "uv": [ 7.0, 0.0, 7.5, 1.0 ] },
						"up": { "texture": "#meat", "uv": [ 0.0, 3.0, 5.0, 3.5 ] },
						"down": { "texture": "#meat", "uv": [ 0.0, 0.0, 5.0, 0.5 ] }
					}
				},
				{
					"name": "Cube52",
					"from": [ 1.0, 0.0, -0.5 ],
					"to": [ 5.0, 1.0, 0.0 ],
					"rotationOrigin": [ 1.0, 0.0, -1.0 ],
					"faces": {
						"north": { "texture": "#meat", "uv": [ 1.0, 3.0, 5.0, 4.0 ] },
						"east": { "texture": "#meat", "uv": [ 6.0, 3.0, 6.5, 4.0 ] },
						"west": { "texture": "#meat", "uv": [ 3.0, 3.0, 3.5, 4.0 ] },
						"up": { "texture": "#meat", "uv": [ 1.0, 3.0, 5.0, 3.5 ] },
						"down": { "texture": "#meat", "uv": [ 0.0, 0.0, 4.0, 0.5 ] }
					}
				},
				{
					"name": "Cube53",
					"from": [ 1.5, 0.0, -1.0 ],
					"to": [ 4.5, 0.5, -0.5 ],
					"rotationOrigin": [ 1.0, 0.0, -1.0 ],
					"faces": {
						"north": { "texture": "#meat", "uv": [ 0.0, 2.0, 3.0, 2.5 ] },
						"east": { "texture": "#meat", "uv": [ 0.0, 0.0, 0.5, 0.5 ] },
						"west": { "texture": "#meat", "uv": [ 0.0, 0.0, 0.5, 0.5 ] },
						"up": { "texture": "#meat", "uv": [ 1.0, 2.0, 4.0, 2.5 ] },
						"down": { "texture": "#meat", "uv": [ 0.0, 0.0, 3.0, 0.5 ] }
					}
				},
				{
					"name": "Cube54",
					"from": [ 1.5, 0.0, 2.5 ],
					"to": [ 4.5, 0.5, 3.0 ],
					"rotationOrigin": [ 1.0, 0.0, -1.0 ],
					"faces": {
						"east": { "texture": "#meat", "uv": [ 5.0, 1.0, 5.5, 1.5 ] },
						"south": { "texture": "#meat", "uv": [ 1.0, 3.0, 4.0, 3.5 ] },
						"west": { "texture": "#meat", "uv": [ 1.0, 3.0, 1.5, 3.5 ] },
						"up": { "texture": "#meat", "uv": [ 3.0, 3.0, 6.0, 3.5 ] },
						"down": { "texture": "#meat", "uv": [ 0.0, 0.0, 3.0, 0.5 ] }
					}
				}
			]
		},
		{
			"name": "Cube55",
			"from": [ 4.0, 3.0, 4.0 ],
			"to": [ 10.0, 4.0, 5.5 ],
			"rotationOrigin": [ 4.0, 3.0, 4.0 ],
			"faces": {
				"north": { "texture": "#meat", "uv": [ 0.0, 1.0, 6.0, 2.0 ] },
				"east": { "texture": "#meat", "uv": [ 6.0, 2.0, 7.5, 3.0 ] },
				"south": { "texture": "#meat", "uv": [ 0.0, 0.0, 6.0, 1.0 ] },
				"west": { "texture": "#meat", "uv": [ 6.0, 3.0, 7.5, 4.0 ] },
				"up": { "texture": "#meat", "uv": [ 1.0, 1.0, 7.0, 2.5 ] },
				"down": { "texture": "#meat", "uv": [ 2.0, 0.0, 8.0, 1.5 ] }
			},
			"children": [
				{
					"name": "Cube56",
					"from": [ 0.5, 0.0, 1.5 ],
					"to": [ 5.0, 1.0, 2.0 ],
					"rotationOrigin": [ 1.0, 0.0, -1.0 ],
					"faces": {
						"east": { "texture": "#meat", "uv": [ 7.0, 2.0, 7.5, 3.0 ] },
						"west": { "texture": "#meat", "uv": [ 0.0, 1.0, 0.5, 2.0 ] },
						"up": { "texture": "#meat", "uv": [ 0.0, 0.5, 4.5, 1.0 ] },
						"down": { "texture": "#meat", "uv": [ 0.0, 0.0, 4.5, 0.5 ] }
					}
				},
				{
					"name": "Cube57",
					"from": [ 0.5, 0.0, 2.0 ],
					"to": [ 5.5, 1.0, 2.5 ],
					"rotationOrigin": [ 1.0, 0.0, -1.0 ],
					"faces": {
						"north": { "texture": "#meat", "uv": [ 0.0, 0.0, 5.0, 1.0 ] },
						"east": { "texture": "#meat", "uv": [ 7.0, 3.0, 7.5, 4.0 ] },
						"south": { "texture": "#meat", "uv": [ 1.0, 2.0, 6.0, 3.0 ] },
						"west": { "texture": "#meat", "uv": [ 7.0, 0.0, 7.5, 1.0 ] },
						"up": { "texture": "#meat", "uv": [ 0.0, 3.0, 5.0, 3.5 ] },
						"down": { "texture": "#meat", "uv": [ 0.0, 0.0, 5.0, 0.5 ] }
					}
				},
				{
					"name": "Cube58",
					"from": [ 1.0, 0.0, -0.5 ],
					"to": [ 5.0, 1.0, 0.0 ],
					"rotationOrigin": [ 1.0, 0.0, -1.0 ],
					"faces": {
						"north": { "texture": "#meat", "uv": [ 1.0, 3.0, 5.0, 4.0 ] },
						"east": { "texture": "#meat", "uv": [ 6.0, 3.0, 6.5, 4.0 ] },
						"west": { "texture": "#meat", "uv": [ 3.0, 3.0, 3.5, 4.0 ] },
						"up": { "texture": "#meat", "uv": [ 1.0, 3.0, 5.0, 3.5 ] },
						"down": { "texture": "#meat", "uv": [ 0.0, 0.0, 4.0, 0.5 ] }
					}
				},
				{
					"name": "Cube59",
					"from": [ 1.5, 0.0, -1.0 ],
					"to": [ 4.5, 0.5, -0.5 ],
					"rotationOrigin": [ 1.0, 0.0, -1.0 ],
					"faces": {
						"north": { "texture": "#meat", "uv": [ 0.0, 2.0, 3.0, 2.5 ] },
						"east": { "texture": "#meat", "uv": [ 0.0, 0.0, 0.5, 0.5 ] },
						"west": { "texture": "#meat", "uv": [ 0.0, 0.0, 0.5, 0.5 ] },
						"up": { "texture": "#meat", "uv": [ 1.0, 2.0, 4.0, 2.5 ] },
						"down": { "texture": "#meat", "uv": [ 0.0, 0.0, 3.0, 0.5 ] }
					}
				},
				{
					"name": "Cube60",
					"from": [ 1.5, 0.0, 2.5 ],
					"to": [ 4.5, 0.5, 3.0 ],
					"rotationOrigin": [ 1.0, 0.0, -1.0 ],
					"faces": {
						"east": { "texture": "#meat", "uv": [ 5.0, 1.0, 5.5, 1.5 ] },
						"south": { "texture": "#meat", "uv": [ 1.0, 3.0, 4.0, 3.5 ] },
						"west": { "texture": "#meat", "uv": [ 1.0, 3.0, 1.5, 3.5 ] },
						"up": { "texture": "#meat", "uv": [ 3.0, 3.0, 6.0, 3.5 ] },
						"down": { "texture": "#meat", "uv": [ 0.0, 0.0, 3.0, 0.5 ] }
					}
				}
			]
		},
		{
			"name": "Cube61",
			"from": [ 9.0, 5.0, 5.0 ],
			"to": [ 15.0, 6.0, 6.5 ],
			"rotationOrigin": [ 9.0, 5.0, 5.0 ],
			"rotationZ": -67.5,
			"faces": {
				"north": { "texture": "#meat", "uv": [ 0.0, 1.0, 6.0, 2.0 ] },
				"east": { "texture": "#meat", "uv": [ 6.0, 2.0, 7.5, 3.0 ] },
				"south": { "texture": "#meat", "uv": [ 0.0, 0.0, 6.0, 1.0 ] },
				"west": { "texture": "#meat", "uv": [ 6.0, 3.0, 7.5, 4.0 ] },
				"up": { "texture": "#meat", "uv": [ 1.0, 1.0, 7.0, 2.5 ] },
				"down": { "texture": "#meat", "uv": [ 2.0, 0.0, 8.0, 1.5 ] }
			},
			"children": [
				{
					"name": "Cube62",
					"from": [ 0.5, 0.0, 1.5 ],
					"to": [ 5.0, 1.0, 2.0 ],
					"rotationOrigin": [ 1.0, 0.0, -1.0 ],
					"faces": {
						"east": { "texture": "#meat", "uv": [ 7.0, 2.0, 7.5, 3.0 ] },
						"west": { "texture": "#meat", "uv": [ 0.0, 1.0, 0.5, 2.0 ] },
						"up": { "texture": "#meat", "uv": [ 0.0, 0.5, 4.5, 1.0 ] },
						"down": { "texture": "#meat", "uv": [ 0.0, 0.0, 4.5, 0.5 ] }
					}
				},
				{
					"name": "Cube63",
					"from": [ 0.5, 0.0, 2.0 ],
					"to": [ 5.5, 1.0, 2.5 ],
					"rotationOrigin": [ 1.0, 0.0, -1.0 ],
					"faces": {
						"north": { "texture": "#meat", "uv": [ 0.0, 0.0, 5.0, 1.0 ] },
						"east": { "texture": "#meat", "uv": [ 7.0, 3.0, 7.5, 4.0 ] },
						"south": { "texture": "#meat", "uv": [ 1.0, 2.0, 6.0, 3.0 ] },
						"west": { "texture": "#meat", "uv": [ 7.0, 0.0, 7.5, 1.0 ] },
						"up": { "texture": "#meat", "uv": [ 0.0, 3.0, 5.0, 3.5 ] },
						"down": { "texture": "#meat", "uv": [ 0.0, 0.0, 5.0, 0.5 ] }
					}
				},
				{
					"name": "Cube64",
					"from": [ 1.0, 0.0, -0.5 ],
					"to": [ 5.0, 1.0, 0.0 ],
					"rotationOrigin": [ 1.0, 0.0, -1.0 ],
					"faces": {
						"north": { "texture": "#meat", "uv": [ 1.0, 3.0, 5.0, 4.0 ] },
						"east": { "texture": "#meat", "uv": [ 6.0, 3.0, 6.5, 4.0 ] },
						"west": { "texture": "#meat", "uv": [ 3.0, 3.0, 3.5, 4.0 ] },
						"up": { "texture": "#meat", "uv": [ 1.0, 3.0, 5.0, 3.5 ] },
						"down": { "texture": "#meat", "uv": [ 0.0, 0.0, 4.0, 0.5 ] }
					}
				},
				{
					"name": "Cube65",
					"from": [ 1.5, 0.0, -1.0 ],
					"to": [ 4.5, 0.5, -0.5 ],
					"rotationOrigin": [ 1.0, 0.0, -1.0 ],
					"faces": {
						"north": { "texture": "#meat", "uv": [ 0.0, 2.0, 3.0, 2.5 ] },
						"east": { "texture": "#meat", "uv": [ 0.0, 0.0, 0.5, 0.5 ] },
						"west": { "texture": "#meat", "uv": [ 0.0, 0.0, 0.5, 0.5 ] },
						"up": { "texture": "#meat", "uv": [ 1.0, 2.0, 4.0, 2.5 ] },
						"down": { "texture": "#meat", "uv": [ 0.0, 0.0, 3.0, 0.5 ] }
					}
				},
				{
					"name": "Cube66",
					"from": [ 1.5, 0.0, 2.5 ],
					"to": [ 4.5, 0.5, 3.0 ],
					"rotationOrigin": [ 1.0, 0.0, -1.0 ],
					"faces": {
						"east": { "texture": "#meat", "uv": [ 5.0, 1.0, 5.5, 1.5 ] },
						"south": { "texture": "#meat", "uv": [ 1.0, 3.0, 4.0, 3.5 ] },
						"west": { "texture": "#meat", "uv": [ 1.0, 3.0, 1.5, 3.5 ] },
						"up": { "texture": "#meat", "uv": [ 3.0, 3.0, 6.0, 3.5 ] },
						"down": { "texture": "#meat", "uv": [ 0.0, 0.0, 3.0, 0.5 ] }
					}
				}
			]
		},
		{
			"name": "Cube67",
			"from": [ 9.0, 5.0, 9.0 ],
			"to": [ 15.0, 6.0, 10.5 ],
			"rotationOrigin": [ 9.0, 5.0, 9.0 ],
			"rotationZ": -67.5,
			"faces": {
				"north": { "texture": "#meat", "uv": [ 0.0, 1.0, 6.0, 2.0 ] },
				"east": { "texture": "#meat", "uv": [ 6.0, 2.0, 7.5, 3.0 ] },
				"south": { "texture": "#meat", "uv": [ 0.0, 0.0, 6.0, 1.0 ] },
				"west": { "texture": "#meat", "uv": [ 6.0, 3.0, 7.5, 4.0 ] },
				"up": { "texture": "#meat", "uv": [ 1.0, 1.0, 7.0, 2.5 ] },
				"down": { "texture": "#meat", "uv": [ 2.0, 0.0, 8.0, 1.5 ] }
			},
			"children": [
				{
					"name": "Cube68",
					"from": [ 0.5, 0.0, 1.5 ],
					"to": [ 5.0, 1.0, 2.0 ],
					"rotationOrigin": [ 1.0, 0.0, -1.0 ],
					"faces": {
						"east": { "texture": "#meat", "uv": [ 7.0, 2.0, 7.5, 3.0 ] },
						"west": { "texture": "#meat", "uv": [ 0.0, 1.0, 0.5, 2.0 ] },
						"up": { "texture": "#meat", "uv": [ 0.0, 0.5, 4.5, 1.0 ] },
						"down": { "texture": "#meat", "uv": [ 0.0, 0.0, 4.5, 0.5 ] }
					}
				},
				{
					"name": "Cube69",
					"from": [ 0.5, 0.0, 2.0 ],
					"to": [ 5.5, 1.0, 2.5 ],
					"rotationOrigin": [ 1.0, 0.0, -1.0 ],
					"faces": {
						"north": { "texture": "#meat", "uv": [ 0.0, 0.0, 5.0, 1.0 ] },
						"east": { "texture": "#meat", "uv": [ 7.0, 3.0, 7.5, 4.0 ] },
						"south": { "texture": "#meat", "uv": [ 1.0, 2.0, 6.0, 3.0 ] },
						"west": { "texture": "#meat", "uv": [ 7.0, 0.0, 7.5, 1.0 ] },
						"up": { "texture": "#meat", "uv": [ 0.0, 3.0, 5.0, 3.5 ] },
						"down": { "texture": "#meat", "uv": [ 0.0, 0.0, 5.0, 0.5 ] }
					}
				},
				{
					"name": "Cube70",
					"from": [ 1.0, 0.0, -0.5 ],
					"to": [ 5.0, 1.0, 0.0 ],
					"rotationOrigin": [ 1.0, 0.0, -1.0 ],
					"faces": {
						"north": { "texture": "#meat", "uv": [ 1.0, 3.0, 5.0, 4.0 ] },
						"east": { "texture": "#meat", "uv": [ 6.0, 3.0, 6.5, 4.0 ] },
						"west": { "texture": "#meat", "uv": [ 3.0, 3.0, 3.5, 4.0 ] },
						"up": { "texture": "#meat", "uv": [ 1.0, 3.0, 5.0, 3.5 ] },
						"down": { "texture": "#meat", "uv": [ 0.0, 0.0, 4.0, 0.5 ] }
					}
				},
				{
					"name": "Cube71",
					"from": [ 1.5, 0.0, -1.0 ],
					"to": [ 4.5, 0.5, -0.5 ],
					"rotationOrigin": [ 1.0, 0.0, -1.0 ],
					"faces": {
						"north": { "texture": "#meat", "uv": [ 0.0, 2.0, 3.0, 2.5 ] },
						"east": { "texture": "#meat", "uv": [ 0.0, 0.0, 0.5, 0.5 ] },
						"west": { "texture": "#meat", "uv": [ 0.0, 0.0, 0.5, 0.5 ] },
						"up": { "texture": "#meat", "uv": [ 1.0, 2.0, 4.0, 2.5 ] },
						"down": { "texture": "#meat", "uv": [ 0.0, 0.0, 3.0, 0.5 ] }
					}
				},
				{
					"name": "Cube72",
					"from": [ 1.5, 0.0, 2.5 ],
					"to": [ 4.5, 0.5, 3.0 ],
					"rotationOrigin": [ 1.0, 0.0, -1.0 ],
					"faces": {
						"east": { "texture": "#meat", "uv": [ 5.0, 1.0, 5.5, 1.5 ] },
						"south": { "texture": "#meat", "uv": [ 1.0, 3.0, 4.0, 3.5 ] },
						"west": { "texture": "#meat", "uv": [ 1.0, 3.0, 1.5, 3.5 ] },
						"up": { "texture": "#meat", "uv": [ 3.0, 3.0, 6.0, 3.5 ] },
						"down": { "texture": "#meat", "uv": [ 0.0, 0.0, 3.0, 0.5 ] }
					}
				}
			]
		},
		{
			"name": "Cube73",
			"from": [ 9.0, 5.0, 12.0 ],
			"to": [ 15.0, 6.0, 13.5 ],
			"rotationOrigin": [ 9.0, 5.0, 12.0 ],
			"rotationY": -45.0,
			"rotationZ": -67.5,
			"faces": {
				"north": { "texture": "#meat", "uv": [ 0.0, 1.0, 6.0, 2.0 ] },
				"east": { "texture": "#meat", "uv": [ 6.0, 2.0, 7.5, 3.0 ] },
				"south": { "texture": "#meat", "uv": [ 0.0, 0.0, 6.0, 1.0 ] },
				"west": { "texture": "#meat", "uv": [ 6.0, 3.0, 7.5, 4.0 ] },
				"up": { "texture": "#meat", "uv": [ 1.0, 1.0, 7.0, 2.5 ] },
				"down": { "texture": "#meat", "uv": [ 2.0, 0.0, 8.0, 1.5 ] }
			},
			"children": [
				{
					"name": "Cube74",
					"from": [ 0.5, 0.0, 1.5 ],
					"to": [ 5.0, 1.0, 2.0 ],
					"rotationOrigin": [ 1.0, 0.0, -1.0 ],
					"faces": {
						"east": { "texture": "#meat", "uv": [ 7.0, 2.0, 7.5, 3.0 ] },
						"west": { "texture": "#meat", "uv": [ 0.0, 1.0, 0.5, 2.0 ] },
						"up": { "texture": "#meat", "uv": [ 0.0, 0.5, 4.5, 1.0 ] },
						"down": { "texture": "#meat", "uv": [ 0.0, 0.0, 4.5, 0.5 ] }
					}
				},
				{
					"name": "Cube75",
					"from": [ 0.5, 0.0, 2.0 ],
					"to": [ 5.5, 1.0, 2.5 ],
					"rotationOrigin": [ 1.0, 0.0, -1.0 ],
					"faces": {
						"north": { "texture": "#meat", "uv": [ 0.0, 0.0, 5.0, 1.0 ] },
						"east": { "texture": "#meat", "uv": [ 7.0, 3.0, 7.5, 4.0 ] },
						"south": { "texture": "#meat", "uv": [ 1.0, 2.0, 6.0, 3.0 ] },
						"west": { "texture": "#meat", "uv": [ 7.0, 0.0, 7.5, 1.0 ] },
						"up": { "texture": "#meat", "uv": [ 0.0, 3.0, 5.0, 3.5 ] },
						"down": { "texture": "#meat", "uv": [ 0.0, 0.0, 5.0, 0.5 ] }
					}
				},
				{
					"name": "Cube76",
					"from": [ 1.0, 0.0, -0.5 ],
					"to": [ 5.0, 1.0, 0.0 ],
					"rotationOrigin": [ 1.0, 0.0, -1.0 ],
					"faces": {
						"north": { "texture": "#meat", "uv": [ 1.0, 3.0, 5.0, 4.0 ] },
						"east": { "texture": "#meat", "uv": [ 6.0, 3.0, 6.5, 4.0 ] },
						"west": { "texture": "#meat", "uv": [ 3.0, 3.0, 3.5, 4.0 ] },
						"up": { "texture": "#meat", "uv": [ 1.0, 3.0, 5.0, 3.5 ] },
						"down": { "texture": "#meat", "uv": [ 0.0, 0.0, 4.0, 0.5 ] }
					}
				},
				{
					"name": "Cube77",
					"from": [ 1.5, 0.0, -1.0 ],
					"to": [ 4.5, 0.5, -0.5 ],
					"rotationOrigin": [ 1.0, 0.0, -1.0 ],
					"faces": {
						"north": { "texture": "#meat", "uv": [ 0.0, 2.0, 3.0, 2.5 ] },
						"east": { "texture": "#meat", "uv": [ 0.0, 0.0, 0.5, 0.5 ] },
						"west": { "texture": "#meat", "uv": [ 0.0, 0.0, 0.5, 0.5 ] },
						"up": { "texture": "#meat", "uv": [ 1.0, 2.0, 4.0, 2.5 ] },
						"down": { "texture": "#meat", "uv": [ 0.0, 0.0, 3.0, 0.5 ] }
					}
				},
				{
					"name": "Cube78",
					"from": [ 1.5, 0.0, 2.5 ],
					"to": [ 4.5, 0.5, 3.0 ],
					"rotationOrigin": [ 1.0, 0.0, -1.0 ],
					"faces": {
						"east": { "texture": "#meat", "uv": [ 5.0, 1.0, 5.5, 1.5 ] },
						"south": { "texture": "#meat", "uv": [ 1.0, 3.0, 4.0, 3.5 ] },
						"west": { "texture": "#meat", "uv": [ 1.0, 3.0, 1.5, 3.5 ] },
						"up": { "texture": "#meat", "uv": [ 3.0, 3.0, 6.0, 3.5 ] },
						"down": { "texture": "#meat", "uv": [ 0.0, 0.0, 3.0, 0.5 ] }
					}
				}
			]
		},
		{
			"name": "Cube79",
			"from": [ 8.0, 5.0, 13.0 ],
			"to": [ 14.0, 6.0, 14.5 ],
			"rotationOrigin": [ 8.0, 5.0, 13.0 ],
			"rotationY": -90.0,
			"rotationZ": -67.5,
			"faces": {
				"north": { "texture": "#meat", "uv": [ 0.0, 1.0, 6.0, 2.0 ] },
				"east": { "texture": "#meat", "uv": [ 6.0, 2.0, 7.5, 3.0 ] },
				"south": { "texture": "#meat", "uv": [ 0.0, 0.0, 6.0, 1.0 ] },
				"west": { "texture": "#meat", "uv": [ 6.0, 3.0, 7.5, 4.0 ] },
				"up": { "texture": "#meat", "uv": [ 1.0, 1.0, 7.0, 2.5 ] },
				"down": { "texture": "#meat", "uv": [ 2.0, 0.0, 8.0, 1.5 ] }
			},
			"children": [
				{
					"name": "Cube80",
					"from": [ 0.5, 0.0, 1.5 ],
					"to": [ 5.0, 1.0, 2.0 ],
					"rotationOrigin": [ 1.0, 0.0, -1.0 ],
					"faces": {
						"east": { "texture": "#meat", "uv": [ 7.0, 2.0, 7.5, 3.0 ] },
						"west": { "texture": "#meat", "uv": [ 0.0, 1.0, 0.5, 2.0 ] },
						"up": { "texture": "#meat", "uv": [ 0.0, 0.5, 4.5, 1.0 ] },
						"down": { "texture": "#meat", "uv": [ 0.0, 0.0, 4.5, 0.5 ] }
					}
				},
				{
					"name": "Cube81",
					"from": [ 0.5, 0.0, 2.0 ],
					"to": [ 5.5, 1.0, 2.5 ],
					"rotationOrigin": [ 1.0, 0.0, -1.0 ],
					"faces": {
						"north": { "texture": "#meat", "uv": [ 0.0, 0.0, 5.0, 1.0 ] },
						"east": { "texture": "#meat", "uv": [ 7.0, 3.0, 7.5, 4.0 ] },
						"south": { "texture": "#meat", "uv": [ 1.0, 2.0, 6.0, 3.0 ] },
						"west": { "texture": "#meat", "uv": [ 7.0, 0.0, 7.5, 1.0 ] },
						"up": { "texture": "#meat", "uv": [ 0.0, 3.0, 5.0, 3.5 ] },
						"down": { "texture": "#meat", "uv": [ 0.0, 0.0, 5.0, 0.5 ] }
					}
				},
				{
					"name": "Cube82",
					"from": [ 1.0, 0.0, -0.5 ],
					"to": [ 5.0, 1.0, 0.0 ],
					"rotationOrigin": [ 1.0, 0.0, -1.0 ],
					"faces": {
						"north": { "texture": "#meat", "uv": [ 1.0, 3.0, 5.0, 4.0 ] },
						"east": { "texture": "#meat", "uv": [ 6.0, 3.0, 6.5, 4.0 ] },
						"west": { "texture": "#meat", "uv": [ 3.0, 3.0, 3.5, 4.0 ] },
						"up": { "texture": "#meat", "uv": [ 1.0, 3.0, 5.0, 3.5 ] },
						"down": { "texture": "#meat", "uv": [ 0.0, 0.0, 4.0, 0.5 ] }
					}
				},
				{
					"name": "Cube83",
					"from": [ 1.5, 0.0, -1.0 ],
					"to": [ 4.5, 0.5, -0.5 ],
					"rotationOrigin": [ 1.0, 0.0, -1.0 ],
					"faces": {
						"north": { "texture": "#meat", "uv": [ 0.0, 2.0, 3.0, 2.5 ] },
						"east": { "texture": "#meat", "uv": [ 0.0, 0.0, 0.5, 0.5 ] },
						"west": { "texture": "#meat", "uv": [ 0.0, 0.0, 0.5, 0.5 ] },
						"up": { "texture": "#meat", "uv": [ 1.0, 2.0, 4.0, 2.5 ] },
						"down": { "texture": "#meat", "uv": [ 0.0, 0.0, 3.0, 0.5 ] }
					}
				},
				{
					"name": "Cube84",
					"from": [ 1.5, 0.0, 2.5 ],
					"to": [ 4.5, 0.5, 3.0 ],
					"rotationOrigin": [ 1.0, 0.0, -1.0 ],
					"faces": {
						"east": { "texture": "#meat", "uv": [ 5.0, 1.0, 5.5, 1.5 ] },
						"south": { "texture": "#meat", "uv": [ 1.0, 3.0, 4.0, 3.5 ] },
						"west": { "texture": "#meat", "uv": [ 1.0, 3.0, 1.5, 3.5 ] },
						"up": { "texture": "#meat", "uv": [ 3.0, 3.0, 6.0, 3.5 ] },
						"down": { "texture": "#meat", "uv": [ 0.0, 0.0, 3.0, 0.5 ] }
					}
				}
			]
		},
		{
			"name": "Cube85",
			"from": [ 2.7, -0.6, 12.0 ],
			"to": [ 8.7, 0.4, 13.5 ],
			"rotationOrigin": [ 2.7, -0.6, 12.0 ],
			"rotationY": 22.5,
			"rotationZ": 67.5,
			"faces": {
				"north": { "texture": "#meat", "uv": [ 0.0, 1.0, 6.0, 2.0 ] },
				"east": { "texture": "#meat", "uv": [ 6.0, 2.0, 7.5, 3.0 ] },
				"south": { "texture": "#meat", "uv": [ 0.0, 0.0, 6.0, 1.0 ] },
				"west": { "texture": "#meat", "uv": [ 6.0, 3.0, 7.5, 4.0 ] },
				"up": { "texture": "#meat", "uv": [ 1.0, 1.0, 7.0, 2.5 ] },
				"down": { "texture": "#meat", "uv": [ 2.0, 0.0, 8.0, 1.5 ] }
			},
			"children": [
				{
					"name": "Cube86",
					"from": [ 0.5, 0.0, 1.5 ],
					"to": [ 5.0, 1.0, 2.0 ],
					"rotationOrigin": [ 1.0, 0.0, -1.0 ],
					"faces": {
						"east": { "texture": "#meat", "uv": [ 7.0, 2.0, 7.5, 3.0 ] },
						"west": { "texture": "#meat", "uv": [ 0.0, 1.0, 0.5, 2.0 ] },
						"up": { "texture": "#meat", "uv": [ 0.0, 0.5, 4.5, 1.0 ] },
						"down": { "texture": "#meat", "uv": [ 0.0, 0.0, 4.5, 0.5 ] }
					}
				},
				{
					"name": "Cube87",
					"from": [ 0.5, 0.0, 2.0 ],
					"to": [ 5.5, 1.0, 2.5 ],
					"rotationOrigin": [ 1.0, 0.0, -1.0 ],
					"faces": {
						"north": { "texture": "#meat", "uv": [ 0.0, 0.0, 5.0, 1.0 ] },
						"east": { "texture": "#meat", "uv": [ 7.0, 3.0, 7.5, 4.0 ] },
						"south": { "texture": "#meat", "uv": [ 1.0, 2.0, 6.0, 3.0 ] },
						"west": { "texture": "#meat", "uv": [ 7.0, 0.0, 7.5, 1.0 ] },
						"up": { "texture": "#meat", "uv": [ 0.0, 3.0, 5.0, 3.5 ] },
						"down": { "texture": "#meat", "uv": [ 0.0, 0.0, 5.0, 0.5 ] }
					}
				},
				{
					"name": "Cube88",
					"from": [ 1.0, 0.0, -0.5 ],
					"to": [ 5.0, 1.0, 0.0 ],
					"rotationOrigin": [ 1.0, 0.0, -1.0 ],
					"faces": {
						"north": { "texture": "#meat", "uv": [ 1.0, 3.0, 5.0, 4.0 ] },
						"east": { "texture": "#meat", "uv": [ 6.0, 3.0, 6.5, 4.0 ] },
						"west": { "texture": "#meat", "uv": [ 3.0, 3.0, 3.5, 4.0 ] },
						"up": { "texture": "#meat", "uv": [ 1.0, 3.0, 5.0, 3.5 ] },
						"down": { "texture": "#meat", "uv": [ 0.0, 0.0, 4.0, 0.5 ] }
					}
				},
				{
					"name": "Cube89",
					"from": [ 1.5, 0.0, -1.0 ],
					"to": [ 4.5, 0.5, -0.5 ],
					"rotationOrigin": [ 1.0, 0.0, -1.0 ],
					"faces": {
						"north": { "texture": "#meat", "uv": [ 0.0, 2.0, 3.0, 2.5 ] },
						"east": { "texture": "#meat", "uv": [ 0.0, 0.0, 0.5, 0.5 ] },
						"west": { "texture": "#meat", "uv": [ 0.0, 0.0, 0.5, 0.5 ] },
						"up": { "texture": "#meat", "uv": [ 1.0, 2.0, 4.0, 2.5 ] },
						"down": { "texture": "#meat", "uv": [ 0.0, 0.0, 3.0, 0.5 ] }
					}
				},
				{
					"name": "Cube90",
					"from": [ 1.5, 0.0, 2.5 ],
					"to": [ 4.5, 0.5, 3.0 ],
					"rotationOrigin": [ 1.0, 0.0, -1.0 ],
					"faces": {
						"east": { "texture": "#meat", "uv": [ 5.0, 1.0, 5.5, 1.5 ] },
						"south": { "texture": "#meat", "uv": [ 1.0, 3.0, 4.0, 3.5 ] },
						"west": { "texture": "#meat", "uv": [ 1.0, 3.0, 1.5, 3.5 ] },
						"up": { "texture": "#meat", "uv": [ 3.0, 3.0, 6.0, 3.5 ] },
						"down": { "texture": "#meat", "uv": [ 0.0, 0.0, 3.0, 0.5 ] }
					}
				}
			]
		},
		{
			"name": "Cube91",
			"from": [ 3.0, -0.5, 9.0 ],
			"to": [ 9.0, 0.5, 10.5 ],
			"rotationOrigin": [ 3.0, -0.5, 9.0 ],
			"rotationZ": 67.5,
			"faces": {
				"north": { "texture": "#meat", "uv": [ 0.0, 1.0, 6.0, 2.0 ] },
				"east": { "texture": "#meat", "uv": [ 6.0, 2.0, 7.5, 3.0 ] },
				"south": { "texture": "#meat", "uv": [ 0.0, 0.0, 6.0, 1.0 ] },
				"west": { "texture": "#meat", "uv": [ 6.0, 3.0, 7.5, 4.0 ] },
				"up": { "texture": "#meat", "uv": [ 1.0, 1.0, 7.0, 2.5 ] },
				"down": { "texture": "#meat", "uv": [ 2.0, 0.0, 8.0, 1.5 ] }
			},
			"children": [
				{
					"name": "Cube92",
					"from": [ 0.5, 0.0, 1.5 ],
					"to": [ 5.0, 1.0, 2.0 ],
					"rotationOrigin": [ 1.0, 0.0, -1.0 ],
					"faces": {
						"east": { "texture": "#meat", "uv": [ 7.0, 2.0, 7.5, 3.0 ] },
						"west": { "texture": "#meat", "uv": [ 0.0, 1.0, 0.5, 2.0 ] },
						"up": { "texture": "#meat", "uv": [ 0.0, 0.5, 4.5, 1.0 ] },
						"down": { "texture": "#meat", "uv": [ 0.0, 0.0, 4.5, 0.5 ] }
					}
				},
				{
					"name": "Cube93",
					"from": [ 0.5, 0.0, 2.0 ],
					"to": [ 5.5, 1.0, 2.5 ],
					"rotationOrigin": [ 1.0, 0.0, -1.0 ],
					"faces": {
						"north": { "texture": "#meat", "uv": [ 0.0, 0.0, 5.0, 1.0 ] },
						"east": { "texture": "#meat", "uv": [ 7.0, 3.0, 7.5, 4.0 ] },
						"south": { "texture": "#meat", "uv": [ 1.0, 2.0, 6.0, 3.0 ] },
						"west": { "texture": "#meat", "uv": [ 7.0, 0.0, 7.5, 1.0 ] },
						"up": { "texture": "#meat", "uv": [ 0.0, 3.0, 5.0, 3.5 ] },
						"down": { "texture": "#meat", "uv": [ 0.0, 0.0, 5.0, 0.5 ] }
					}
				},
				{
					"name": "Cube94",
					"from": [ 1.0, 0.0, -0.5 ],
					"to": [ 5.0, 1.0, 0.0 ],
					"rotationOrigin": [ 1.0, 0.0, -1.0 ],
					"faces": {
						"north": { "texture": "#meat", "uv": [ 1.0, 3.0, 5.0, 4.0 ] },
						"east": { "texture": "#meat", "uv": [ 6.0, 3.0, 6.5, 4.0 ] },
						"west": { "texture": "#meat", "uv": [ 3.0, 3.0, 3.5, 4.0 ] },
						"up": { "texture": "#meat", "uv": [ 1.0, 3.0, 5.0, 3.5 ] },
						"down": { "texture": "#meat", "uv": [ 0.0, 0.0, 4.0, 0.5 ] }
					}
				},
				{
					"name": "Cube95",
					"from": [ 1.5, 0.0, -1.0 ],
					"to": [ 4.5, 0.5, -0.5 ],
					"rotationOrigin": [ 1.0, 0.0, -1.0 ],
					"faces": {
						"north": { "texture": "#meat", "uv": [ 0.0, 2.0, 3.0, 2.5 ] },
						"east": { "texture": "#meat", "uv": [ 0.0, 0.0, 0.5, 0.5 ] },
						"west": { "texture": "#meat", "uv": [ 0.0, 0.0, 0.5, 0.5 ] },
						"up": { "texture": "#meat", "uv": [ 1.0, 2.0, 4.0, 2.5 ] },
						"down": { "texture": "#meat", "uv": [ 0.0, 0.0, 3.0, 0.5 ] }
					}
				},
				{
					"name": "Cube96",
					"from": [ 1.5, 0.0, 2.5 ],
					"to": [ 4.5, 0.5, 3.0 ],
					"rotationOrigin": [ 1.0, 0.0, -1.0 ],
					"faces": {
						"east": { "texture": "#meat", "uv": [ 5.0, 1.0, 5.5, 1.5 ] },
						"south": { "texture": "#meat", "uv": [ 1.0, 3.0, 4.0, 3.5 ] },
						"west": { "texture": "#meat", "uv": [ 1.0, 3.0, 1.5, 3.5 ] },
						"up": { "texture": "#meat", "uv": [ 3.0, 3.0, 6.0, 3.5 ] },
						"down": { "texture": "#meat", "uv": [ 0.0, 0.0, 3.0, 0.5 ] }
					}
				}
			]
		},
		{
			"name": "Cube97",
			"from": [ 3.4, -0.4, 6.0 ],
			"to": [ 9.4, 0.6, 7.5 ],
			"rotationOrigin": [ 3.4, -0.4, 6.0 ],
			"rotationZ": 67.5,
			"faces": {
				"north": { "texture": "#meat", "uv": [ 0.0, 1.0, 6.0, 2.0 ] },
				"east": { "texture": "#meat", "uv": [ 6.0, 2.0, 7.5, 3.0 ] },
				"south": { "texture": "#meat", "uv": [ 0.0, 0.0, 6.0, 1.0 ] },
				"west": { "texture": "#meat", "uv": [ 6.0, 3.0, 7.5, 4.0 ] },
				"up": { "texture": "#meat", "uv": [ 1.0, 1.0, 7.0, 2.5 ] },
				"down": { "texture": "#meat", "uv": [ 2.0, 0.0, 8.0, 1.5 ] }
			},
			"children": [
				{
					"name": "Cube98",
					"from": [ 0.5, 0.0, 1.5 ],
					"to": [ 5.0, 1.0, 2.0 ],
					"rotationOrigin": [ 1.0, 0.0, -1.0 ],
					"faces": {
						"east": { "texture": "#meat", "uv": [ 7.0, 2.0, 7.5, 3.0 ] },
						"west": { "texture": "#meat", "uv": [ 0.0, 1.0, 0.5, 2.0 ] },
						"up": { "texture": "#meat", "uv": [ 0.0, 0.5, 4.5, 1.0 ] },
						"down": { "texture": "#meat", "uv": [ 0.0, 0.0, 4.5, 0.5 ] }
					}
				},
				{
					"name": "Cube99",
					"from": [ 0.5, 0.0, 2.0 ],
					"to": [ 5.5, 1.0, 2.5 ],
					"rotationOrigin": [ 1.0, 0.0, -1.0 ],
					"faces": {
						"north": { "texture": "#meat", "uv": [ 0.0, 0.0, 5.0, 1.0 ] },
						"east": { "texture": "#meat", "uv": [ 7.0, 3.0, 7.5, 4.0 ] },
						"south": { "texture": "#meat", "uv": [ 1.0, 2.0, 6.0, 3.0 ] },
						"west": { "texture": "#meat", "uv": [ 7.0, 0.0, 7.5, 1.0 ] },
						"up": { "texture": "#meat", "uv": [ 0.0, 3.0, 5.0, 3.5 ] },
						"down": { "texture": "#meat", "uv": [ 0.0, 0.0, 5.0, 0.5 ] }
					}
				},
				{
					"name": "Cube100",
					"from": [ 1.0, 0.0, -0.5 ],
					"to": [ 5.0, 1.0, 0.0 ],
					"rotationOrigin": [ 1.0, 0.0, -1.0 ],
					"faces": {
						"north": { "texture": "#meat", "uv": [ 1.0, 3.0, 5.0, 4.0 ] },
						"east": { "texture": "#meat", "uv": [ 6.0, 3.0, 6.5, 4.0 ] },
						"west": { "texture": "#meat", "uv": [ 3.0, 3.0, 3.5, 4.0 ] },
						"up": { "texture": "#meat", "uv": [ 1.0, 3.0, 5.0, 3.5 ] },
						"down": { "texture": "#meat", "uv": [ 0.0, 0.0, 4.0, 0.5 ] }
					}
				},
				{
					"name": "Cube101",
					"from": [ 1.5, 0.0, -1.0 ],
					"to": [ 4.5, 0.5, -0.5 ],
					"rotationOrigin": [ 1.0, 0.0, -1.0 ],
					"faces": {
						"north": { "texture": "#meat", "uv": [ 0.0, 2.0, 3.0, 2.5 ] },
						"east": { "texture": "#meat", "uv": [ 0.0, 0.0, 0.5, 0.5 ] },
						"west": { "texture": "#meat", "uv": [ 0.0, 0.0, 0.5, 0.5 ] },
						"up": { "texture": "#meat", "uv": [ 1.0, 2.0, 4.0, 2.5 ] },
						"down": { "texture": "#meat", "uv": [ 0.0, 0.0, 3.0, 0.5 ] }
					}
				},
				{
					"name": "Cube102",
					"from": [ 1.5, 0.0, 2.5 ],
					"to": [ 4.5, 0.5, 3.0 ],
					"rotationOrigin": [ 1.0, 0.0, -1.0 ],
					"faces": {
						"east": { "texture": "#meat", "uv": [ 5.0, 1.0, 5.5, 1.5 ] },
						"south": { "texture": "#meat", "uv": [ 1.0, 3.0, 4.0, 3.5 ] },
						"west": { "texture": "#meat", "uv": [ 1.0, 3.0, 1.5, 3.5 ] },
						"up": { "texture": "#meat", "uv": [ 3.0, 3.0, 6.0, 3.5 ] },
						"down": { "texture": "#meat", "uv": [ 0.0, 0.0, 3.0, 0.5 ] }
					}
				}
			]
		},
		{
			"name": "Cube103",
			"from": [ 8.0, 0.0, 2.5 ],
			"to": [ 14.0, 1.0, 4.0 ],
			"rotationOrigin": [ 8.0, 0.0, 2.5 ],
			"rotationY": -90.0,
			"rotationZ": 67.5,
			"faces": {
				"north": { "texture": "#meat", "uv": [ 0.0, 1.0, 6.0, 2.0 ] },
				"east": { "texture": "#meat", "uv": [ 6.0, 2.0, 7.5, 3.0 ] },
				"south": { "texture": "#meat", "uv": [ 0.0, 0.0, 6.0, 1.0 ] },
				"west": { "texture": "#meat", "uv": [ 6.0, 3.0, 7.5, 4.0 ] },
				"up": { "texture": "#meat", "uv": [ 1.0, 1.0, 7.0, 2.5 ] },
				"down": { "texture": "#meat", "uv": [ 2.0, 0.0, 8.0, 1.5 ] }
			},
			"children": [
				{
					"name": "Cube104",
					"from": [ 0.5, 0.0, 1.5 ],
					"to": [ 5.0, 1.0, 2.0 ],
					"rotationOrigin": [ 1.0, 0.0, -1.0 ],
					"faces": {
						"east": { "texture": "#meat", "uv": [ 7.0, 2.0, 7.5, 3.0 ] },
						"west": { "texture": "#meat", "uv": [ 0.0, 1.0, 0.5, 2.0 ] },
						"up": { "texture": "#meat", "uv": [ 0.0, 0.5, 4.5, 1.0 ] },
						"down": { "texture": "#meat", "uv": [ 0.0, 0.0, 4.5, 0.5 ] }
					}
				},
				{
					"name": "Cube105",
					"from": [ 0.5, 0.0, 2.0 ],
					"to": [ 5.5, 1.0, 2.5 ],
					"rotationOrigin": [ 1.0, 0.0, -1.0 ],
					"faces": {
						"north": { "texture": "#meat", "uv": [ 0.0, 0.0, 5.0, 1.0 ] },
						"east": { "texture": "#meat", "uv": [ 7.0, 3.0, 7.5, 4.0 ] },
						"south": { "texture": "#meat", "uv": [ 1.0, 2.0, 6.0, 3.0 ] },
						"west": { "texture": "#meat", "uv": [ 7.0, 0.0, 7.5, 1.0 ] },
						"up": { "texture": "#meat", "uv": [ 0.0, 3.0, 5.0, 3.5 ] },
						"down": { "texture": "#meat", "uv": [ 0.0, 0.0, 5.0, 0.5 ] }
					}
				},
				{
					"name": "Cube106",
					"from": [ 1.0, 0.0, -0.5 ],
					"to": [ 5.0, 1.0, 0.0 ],
					"rotationOrigin": [ 1.0, 0.0, -1.0 ],
					"faces": {
						"north": { "texture": "#meat", "uv": [ 1.0, 3.0, 5.0, 4.0 ] },
						"east": { "texture": "#meat", "uv": [ 6.0, 3.0, 6.5, 4.0 ] },
						"west": { "texture": "#meat", "uv": [ 3.0, 3.0, 3.5, 4.0 ] },
						"up": { "texture": "#meat", "uv": [ 1.0, 3.0, 5.0, 3.5 ] },
						"down": { "texture": "#meat", "uv": [ 0.0, 0.0, 4.0, 0.5 ] }
					}
				},
				{
					"name": "Cube107",
					"from": [ 1.5, 0.0, -1.0 ],
					"to": [ 4.5, 0.5, -0.5 ],
					"rotationOrigin": [ 1.0, 0.0, -1.0 ],
					"faces": {
						"north": { "texture": "#meat", "uv": [ 0.0, 2.0, 3.0, 2.5 ] },
						"east": { "texture": "#meat", "uv": [ 0.0, 0.0, 0.5, 0.5 ] },
						"west": { "texture": "#meat", "uv": [ 0.0, 0.0, 0.5, 0.5 ] },
						"up": { "texture": "#meat", "uv": [ 1.0, 2.0, 4.0, 2.5 ] },
						"down": { "texture": "#meat", "uv": [ 0.0, 0.0, 3.0, 0.5 ] }
					}
				},
				{
					"name": "Cube108",
					"from": [ 1.5, 0.0, 2.5 ],
					"to": [ 4.5, 0.5, 3.0 ],
					"rotationOrigin": [ 1.0, 0.0, -1.0 ],
					"faces": {
						"east": { "texture": "#meat", "uv": [ 5.0, 1.0, 5.5, 1.5 ] },
						"south": { "texture": "#meat", "uv": [ 1.0, 3.0, 4.0, 3.5 ] },
						"west": { "texture": "#meat", "uv": [ 1.0, 3.0, 1.5, 3.5 ] },
						"up": { "texture": "#meat", "uv": [ 3.0, 3.0, 6.0, 3.5 ] },
						"down": { "texture": "#meat", "uv": [ 0.0, 0.0, 3.0, 0.5 ] }
					}
				}
			]
		},
		{
			"name": "Cube109",
			"from": [ 4.6, -0.2, 2.5 ],
			"to": [ 10.6, 0.8, 4.0 ],
			"rotationOrigin": [ 4.6, -0.2, 2.5 ],
			"rotationY": -45.0,
			"rotationZ": 67.5,
			"faces": {
				"north": { "texture": "#meat", "uv": [ 0.0, 1.0, 6.0, 2.0 ] },
				"east": { "texture": "#meat", "uv": [ 6.0, 2.0, 7.5, 3.0 ] },
				"south": { "texture": "#meat", "uv": [ 0.0, 0.0, 6.0, 1.0 ] },
				"west": { "texture": "#meat", "uv": [ 6.0, 3.0, 7.5, 4.0 ] },
				"up": { "texture": "#meat", "uv": [ 1.0, 1.0, 7.0, 2.5 ] },
				"down": { "texture": "#meat", "uv": [ 2.0, 0.0, 8.0, 1.5 ] }
			},
			"children": [
				{
					"name": "Cube110",
					"from": [ 0.5, 0.0, 1.5 ],
					"to": [ 5.0, 1.0, 2.0 ],
					"rotationOrigin": [ 1.0, 0.0, -1.0 ],
					"faces": {
						"east": { "texture": "#meat", "uv": [ 7.0, 2.0, 7.5, 3.0 ] },
						"west": { "texture": "#meat", "uv": [ 0.0, 1.0, 0.5, 2.0 ] },
						"up": { "texture": "#meat", "uv": [ 0.0, 0.5, 4.5, 1.0 ] },
						"down": { "texture": "#meat", "uv": [ 0.0, 0.0, 4.5, 0.5 ] }
					}
				},
				{
					"name": "Cube111",
					"from": [ 0.5, 0.0, 2.0 ],
					"to": [ 5.5, 1.0, 2.5 ],
					"rotationOrigin": [ 1.0, 0.0, -1.0 ],
					"faces": {
						"north": { "texture": "#meat", "uv": [ 0.0, 0.0, 5.0, 1.0 ] },
						"east": { "texture": "#meat", "uv": [ 7.0, 3.0, 7.5, 4.0 ] },
						"south": { "texture": "#meat", "uv": [ 1.0, 2.0, 6.0, 3.0 ] },
						"west": { "texture": "#meat", "uv": [ 7.0, 0.0, 7.5, 1.0 ] },
						"up": { "texture": "#meat", "uv": [ 0.0, 3.0, 5.0, 3.5 ] },
						"down": { "texture": "#meat", "uv": [ 0.0, 0.0, 5.0, 0.5 ] }
					}
				},
				{
					"name": "Cube112",
					"from": [ 1.0, 0.0, -0.5 ],
					"to": [ 5.0, 1.0, 0.0 ],
					"rotationOrigin": [ 1.0, 0.0, -1.0 ],
					"faces": {
						"north": { "texture": "#meat", "uv": [ 1.0, 3.0, 5.0, 4.0 ] },
						"east": { "texture": "#meat", "uv": [ 6.0, 3.0, 6.5, 4.0 ] },
						"west": { "texture": "#meat", "uv": [ 3.0, 3.0, 3.5, 4.0 ] },
						"up": { "texture": "#meat", "uv": [ 1.0, 3.0, 5.0, 3.5 ] },
						"down": { "texture": "#meat", "uv": [ 0.0, 0.0, 4.0, 0.5 ] }
					}
				},
				{
					"name": "Cube113",
					"from": [ 1.5, 0.0, -1.0 ],
					"to": [ 4.5, 0.5, -0.5 ],
					"rotationOrigin": [ 1.0, 0.0, -1.0 ],
					"faces": {
						"north": { "texture": "#meat", "uv": [ 0.0, 2.0, 3.0, 2.5 ] },
						"east": { "texture": "#meat", "uv": [ 0.0, 0.0, 0.5, 0.5 ] },
						"west": { "texture": "#meat", "uv": [ 0.0, 0.0, 0.5, 0.5 ] },
						"up": { "texture": "#meat", "uv": [ 1.0, 2.0, 4.0, 2.5 ] },
						"down": { "texture": "#meat", "uv": [ 0.0, 0.0, 3.0, 0.5 ] }
					}
				},
				{
					"name": "Cube114",
					"from": [ 1.5, 0.0, 2.5 ],
					"to": [ 4.5, 0.5, 3.0 ],
					"rotationOrigin": [ 1.0, 0.0, -1.0 ],
					"faces": {
						"east": { "texture": "#meat", "uv": [ 5.0, 1.0, 5.5, 1.5 ] },
						"south": { "texture": "#meat", "uv": [ 1.0, 3.0, 4.0, 3.5 ] },
						"west": { "texture": "#meat", "uv": [ 1.0, 3.0, 1.5, 3.5 ] },
						"up": { "texture": "#meat", "uv": [ 3.0, 3.0, 6.0, 3.5 ] },
						"down": { "texture": "#meat", "uv": [ 0.0, 0.0, 3.0, 0.5 ] }
					}
				}
			]
		},
		{
			"name": "Cube115",
			"from": [ 8.4, 5.0, 4.2 ],
			"to": [ 14.3, 6.0, 5.7 ],
			"rotationOrigin": [ 8.4, 5.0, 4.2 ],
			"rotationY": 45.0,
			"rotationZ": -67.5,
			"faces": {
				"north": { "texture": "#meat", "uv": [ 0.0, 1.0, 5.5, 2.0 ] },
				"east": { "texture": "#meat", "uv": [ 6.0, 2.0, 7.5, 3.0 ] },
				"south": { "texture": "#meat", "uv": [ 0.0, 0.0, 5.5, 1.0 ] },
				"west": { "texture": "#meat", "uv": [ 6.0, 3.0, 7.5, 4.0 ] },
				"up": { "texture": "#meat", "uv": [ 1.0, 1.0, 6.5, 2.5 ] },
				"down": { "texture": "#meat", "uv": [ 2.0, 0.0, 7.5, 1.5 ] }
			},
			"children": [
				{
					"name": "Cube116",
					"from": [ 0.5, 0.0, 1.5 ],
					"to": [ 5.0, 1.0, 2.0 ],
					"rotationOrigin": [ 1.0, 0.0, -1.0 ],
					"faces": {
						"east": { "texture": "#meat", "uv": [ 7.0, 2.0, 7.5, 3.0 ] },
						"west": { "texture": "#meat", "uv": [ 0.0, 1.0, 0.5, 2.0 ] },
						"up": { "texture": "#meat", "uv": [ 0.0, 0.5, 4.5, 1.0 ] },
						"down": { "texture": "#meat", "uv": [ 0.0, 0.0, 4.5, 0.5 ] }
					}
				},
				{
					"name": "Cube117",
					"from": [ 0.5, 0.0, 2.0 ],
					"to": [ 5.5, 1.0, 2.5 ],
					"rotationOrigin": [ 1.0, 0.0, -1.0 ],
					"faces": {
						"north": { "texture": "#meat", "uv": [ 0.0, 0.0, 5.0, 1.0 ] },
						"east": { "texture": "#meat", "uv": [ 7.0, 3.0, 7.5, 4.0 ] },
						"south": { "texture": "#meat", "uv": [ 1.0, 2.0, 6.0, 3.0 ] },
						"west": { "texture": "#meat", "uv": [ 7.0, 0.0, 7.5, 1.0 ] },
						"up": { "texture": "#meat", "uv": [ 0.0, 3.0, 5.0, 3.5 ] },
						"down": { "texture": "#meat", "uv": [ 0.0, 0.0, 5.0, 0.5 ] }
					}
				},
				{
					"name": "Cube118",
					"from": [ 1.0, 0.0, -0.5 ],
					"to": [ 5.0, 1.0, 0.0 ],
					"rotationOrigin": [ 1.0, 0.0, -1.0 ],
					"faces": {
						"north": { "texture": "#meat", "uv": [ 1.0, 3.0, 5.0, 4.0 ] },
						"east": { "texture": "#meat", "uv": [ 6.0, 3.0, 6.5, 4.0 ] },
						"west": { "texture": "#meat", "uv": [ 3.0, 3.0, 3.5, 4.0 ] },
						"up": { "texture": "#meat", "uv": [ 1.0, 3.0, 5.0, 3.5 ] },
						"down": { "texture": "#meat", "uv": [ 0.0, 0.0, 4.0, 0.5 ] }
					}
				},
				{
					"name": "Cube119",
					"from": [ 1.5, 0.0, -1.0 ],
					"to": [ 4.5, 0.5, -0.5 ],
					"rotationOrigin": [ 1.0, 0.0, -1.0 ],
					"faces": {
						"north": { "texture": "#meat", "uv": [ 0.0, 2.0, 3.0, 2.5 ] },
						"east": { "texture": "#meat", "uv": [ 0.0, 0.0, 0.5, 0.5 ] },
						"west": { "texture": "#meat", "uv": [ 0.0, 0.0, 0.5, 0.5 ] },
						"up": { "texture": "#meat", "uv": [ 1.0, 2.0, 4.0, 2.5 ] },
						"down": { "texture": "#meat", "uv": [ 0.0, 0.0, 3.0, 0.5 ] }
					}
				},
				{
					"name": "Cube120",
					"from": [ 1.5, 0.0, 2.5 ],
					"to": [ 4.5, 0.5, 3.0 ],
					"rotationOrigin": [ 1.0, 0.0, -1.0 ],
					"faces": {
						"east": { "texture": "#meat", "uv": [ 5.0, 1.0, 5.5, 1.5 ] },
						"south": { "texture": "#meat", "uv": [ 1.0, 3.0, 4.0, 3.5 ] },
						"west": { "texture": "#meat", "uv": [ 1.0, 3.0, 1.5, 3.5 ] },
						"up": { "texture": "#meat", "uv": [ 3.0, 3.0, 6.0, 3.5 ] },
						"down": { "texture": "#meat", "uv": [ 0.0, 0.0, 3.0, 0.5 ] }
					}
				}
			]
		},
		{
			"name": "Cube121",
			"from": [ 7.0, 2.3, 12.0 ],
			"to": [ 13.0, 3.3, 13.5 ],
			"rotationOrigin": [ 7.0, 2.3, 12.0 ],
			"rotationX": 22.5,
			"rotationY": 90.0,
			"faces": {
				"north": { "texture": "#meat", "uv": [ 0.0, 1.0, 6.0, 2.0 ] },
				"east": { "texture": "#meat", "uv": [ 6.0, 2.0, 7.5, 3.0 ] },
				"south": { "texture": "#meat", "uv": [ 0.0, 0.0, 6.0, 1.0 ] },
				"west": { "texture": "#meat", "uv": [ 6.0, 3.0, 7.5, 4.0 ] },
				"up": { "texture": "#meat", "uv": [ 1.0, 1.0, 7.0, 2.5 ] },
				"down": { "texture": "#meat", "uv": [ 2.0, 0.0, 8.0, 1.5 ] }
			},
			"children": [
				{
					"name": "Cube122",
					"from": [ 0.5, 0.0, 1.5 ],
					"to": [ 5.0, 1.0, 2.0 ],
					"rotationOrigin": [ 1.0, 0.0, -1.0 ],
					"faces": {
						"east": { "texture": "#meat", "uv": [ 7.0, 2.0, 7.5, 3.0 ] },
						"west": { "texture": "#meat", "uv": [ 0.0, 1.0, 0.5, 2.0 ] },
						"up": { "texture": "#meat", "uv": [ 0.0, 0.5, 4.5, 1.0 ] },
						"down": { "texture": "#meat", "uv": [ 0.0, 0.0, 4.5, 0.5 ] }
					}
				},
				{
					"name": "Cube123",
					"from": [ 0.5, 0.0, 2.0 ],
					"to": [ 5.5, 1.0, 2.5 ],
					"rotationOrigin": [ 1.0, 0.0, -1.0 ],
					"faces": {
						"north": { "texture": "#meat", "uv": [ 0.0, 0.0, 5.0, 1.0 ] },
						"east": { "texture": "#meat", "uv": [ 7.0, 3.0, 7.5, 4.0 ] },
						"south": { "texture": "#meat", "uv": [ 1.0, 2.0, 6.0, 3.0 ] },
						"west": { "texture": "#meat", "uv": [ 7.0, 0.0, 7.5, 1.0 ] },
						"up": { "texture": "#meat", "uv": [ 0.0, 3.0, 5.0, 3.5 ] },
						"down": { "texture": "#meat", "uv": [ 0.0, 0.0, 5.0, 0.5 ] }
					}
				},
				{
					"name": "Cube124",
					"from": [ 1.0, 0.0, -0.5 ],
					"to": [ 5.0, 1.0, 0.0 ],
					"rotationOrigin": [ 1.0, 0.0, -1.0 ],
					"faces": {
						"north": { "texture": "#meat", "uv": [ 1.0, 3.0, 5.0, 4.0 ] },
						"east": { "texture": "#meat", "uv": [ 6.0, 3.0, 6.5, 4.0 ] },
						"west": { "texture": "#meat", "uv": [ 3.0, 3.0, 3.5, 4.0 ] },
						"up": { "texture": "#meat", "uv": [ 1.0, 3.0, 5.0, 3.5 ] },
						"down": { "texture": "#meat", "uv": [ 0.0, 0.0, 4.0, 0.5 ] }
					}
				},
				{
					"name": "Cube125",
					"from": [ 1.5, 0.0, -1.0 ],
					"to": [ 4.5, 0.5, -0.5 ],
					"rotationOrigin": [ 1.0, 0.0, -1.0 ],
					"faces": {
						"north": { "texture": "#meat", "uv": [ 0.0, 2.0, 3.0, 2.5 ] },
						"east": { "texture": "#meat", "uv": [ 0.0, 0.0, 0.5, 0.5 ] },
						"west": { "texture": "#meat", "uv": [ 0.0, 0.0, 0.5, 0.5 ] },
						"up": { "texture": "#meat", "uv": [ 1.0, 2.0, 4.0, 2.5 ] },
						"down": { "texture": "#meat", "uv": [ 0.0, 0.0, 3.0, 0.5 ] }
					}
				},
				{
					"name": "Cube126",
					"from": [ 1.5, 0.0, 2.5 ],
					"to": [ 4.5, 0.5, 3.0 ],
					"rotationOrigin": [ 1.0, 0.0, -1.0 ],
					"faces": {
						"east": { "texture": "#meat", "uv": [ 5.0, 1.0, 5.5, 1.5 ] },
						"south": { "texture": "#meat", "uv": [ 1.0, 3.0, 4.0, 3.5 ] },
						"west": { "texture": "#meat", "uv": [ 1.0, 3.0, 1.5, 3.5 ] },
						"up": { "texture": "#meat", "uv": [ 3.0, 3.0, 6.0, 3.5 ] },
						"down": { "texture": "#meat", "uv": [ 0.0, 0.0, 3.0, 0.5 ] }
					}
				}
			]
		},
		{
			"name": "Cube127",
			"from": [ 5.0, 5.3, 8.0 ],
			"to": [ 11.0, 6.3, 9.5 ],
			"rotationOrigin": [ 5.0, 5.3, 8.0 ],
			"rotationX": 157.5,
			"rotationY": 67.5,
			"rotationZ": 22.5,
			"faces": {
				"north": { "texture": "#meat", "uv": [ 0.0, 1.0, 6.0, 2.0 ] },
				"east": { "texture": "#meat", "uv": [ 6.0, 2.0, 7.5, 3.0 ] },
				"south": { "texture": "#meat", "uv": [ 0.0, 0.0, 6.0, 1.0 ] },
				"west": { "texture": "#meat", "uv": [ 6.0, 3.0, 7.5, 4.0 ] },
				"up": { "texture": "#meat", "uv": [ 1.0, 1.0, 7.0, 2.5 ] },
				"down": { "texture": "#meat", "uv": [ 2.0, 0.0, 8.0, 1.5 ] }
			},
			"children": [
				{
					"name": "Cube128",
					"from": [ 0.5, 0.0, 1.5 ],
					"to": [ 5.0, 1.0, 2.0 ],
					"rotationOrigin": [ 1.0, 0.0, -1.0 ],
					"faces": {
						"east": { "texture": "#meat", "uv": [ 7.0, 2.0, 7.5, 3.0 ] },
						"west": { "texture": "#meat", "uv": [ 0.0, 1.0, 0.5, 2.0 ] },
						"up": { "texture": "#meat", "uv": [ 0.0, 0.5, 4.5, 1.0 ] },
						"down": { "texture": "#meat", "uv": [ 0.0, 0.0, 4.5, 0.5 ] }
					}
				},
				{
					"name": "Cube129",
					"from": [ 0.5, 0.0, 2.0 ],
					"to": [ 5.5, 1.0, 2.5 ],
					"rotationOrigin": [ 1.0, 0.0, -1.0 ],
					"faces": {
						"north": { "texture": "#meat", "uv": [ 0.0, 0.0, 5.0, 1.0 ] },
						"east": { "texture": "#meat", "uv": [ 7.0, 3.0, 7.5, 4.0 ] },
						"south": { "texture": "#meat", "uv": [ 1.0, 2.0, 6.0, 3.0 ] },
						"west": { "texture": "#meat", "uv": [ 7.0, 0.0, 7.5, 1.0 ] },
						"up": { "texture": "#meat", "uv": [ 0.0, 3.0, 5.0, 3.5 ] },
						"down": { "texture": "#meat", "uv": [ 0.0, 0.0, 5.0, 0.5 ] }
					}
				},
				{
					"name": "Cube130",
					"from": [ 1.0, 0.0, -0.5 ],
					"to": [ 5.0, 1.0, 0.0 ],
					"rotationOrigin": [ 1.0, 0.0, -1.0 ],
					"faces": {
						"north": { "texture": "#meat", "uv": [ 1.0, 3.0, 5.0, 4.0 ] },
						"east": { "texture": "#meat", "uv": [ 6.0, 3.0, 6.5, 4.0 ] },
						"west": { "texture": "#meat", "uv": [ 3.0, 3.0, 3.5, 4.0 ] },
						"up": { "texture": "#meat", "uv": [ 1.0, 3.0, 5.0, 3.5 ] },
						"down": { "texture": "#meat", "uv": [ 0.0, 0.0, 4.0, 0.5 ] }
					}
				},
				{
					"name": "Cube131",
					"from": [ 1.5, 0.0, -1.0 ],
					"to": [ 4.5, 0.5, -0.5 ],
					"rotationOrigin": [ 1.0, 0.0, -1.0 ],
					"faces": {
						"north": { "texture": "#meat", "uv": [ 0.0, 2.0, 3.0, 2.5 ] },
						"east": { "texture": "#meat", "uv": [ 0.0, 0.0, 0.5, 0.5 ] },
						"west": { "texture": "#meat", "uv": [ 0.0, 0.0, 0.5, 0.5 ] },
						"up": { "texture": "#meat", "uv": [ 1.0, 2.0, 4.0, 2.5 ] },
						"down": { "texture": "#meat", "uv": [ 0.0, 0.0, 3.0, 0.5 ] }
					}
				},
				{
					"name": "Cube132",
					"from": [ 1.5, 0.0, 2.5 ],
					"to": [ 4.5, 0.5, 3.0 ],
					"rotationOrigin": [ 1.0, 0.0, -1.0 ],
					"faces": {
						"east": { "texture": "#meat", "uv": [ 5.0, 1.0, 5.5, 1.5 ] },
						"south": { "texture": "#meat", "uv": [ 1.0, 3.0, 4.0, 3.5 ] },
						"west": { "texture": "#meat", "uv": [ 1.0, 3.0, 1.5, 3.5 ] },
						"up": { "texture": "#meat", "uv": [ 3.0, 3.0, 6.0, 3.5 ] },
						"down": { "texture": "#meat", "uv": [ 0.0, 0.0, 3.0, 0.5 ] }
					}
				}
			]
		}
	]}
