{
	"editor": {
		"collapsedPaths": "Root/Cube37,Root/Cube49,Root/Cube13,Root/Cube79,Root/Cube25,Root/Cube55,Root/Cube67,Root/Cube31,Root/Cube97,Root/Cube43,Root/Cube19,Root/Cube1,Root/Cube2,Root/Cube73,Root/Cube85,Root/Cube61,Root/Cube91",
		"allAngles": false,
		"entityTextureMode": false
	},
	"textureWidth": 16,
	"textureHeight": 16,
	"textureSizes": {
	},
	"textures": {
		"meat": "game:item/food/meat/raw",
	},
	"elements": [
		{
			"name": "Cube1",
			"from": [ 4.0, 0.0, 6.0 ],
			"to": [ 10.0, 1.0, 7.5 ],
			"rotationOrigin": [ 4.0, 0.0, 6.0 ],
			"faces": {
				"north": { "texture": "#meat", "uv": [ 10.0, 7.0, 14.5, 8.0 ] },
				"east": { "texture": "#meat", "uv": [ 10.0, 1.0, 11.5, 2.0 ] },
				"south": { "texture": "#meat", "uv": [ 10.0, 4.0, 14.5, 5.0 ] },
				"west": { "texture": "#meat", "uv": [ 12.0, 2.0, 13.5, 3.0 ] },
				"up": { "texture": "#meat", "uv": [ 9.0, 4.0, 13.5, 5.5 ] },
				"down": { "texture": "#meat", "uv": [ 9.0, 4.0, 13.5, 5.5 ] }
			},
			"children": [
				{
					"name": "Cube3",
					"from": [ -0.5, 0.0, 1.5 ],
					"to": [ 4.0, 1.0, 2.0 ],
					"rotationOrigin": [ 1.0, 0.0, -1.0 ],
					"faces": {
						"north": { "texture": "#meat", "uv": [ 11.0, 5.0, 15.5, 6.0 ] },
						"east": { "texture": "#meat", "uv": [ 15.0, 4.0, 15.5, 5.0 ] },
						"south": { "texture": "#meat", "uv": [ 11.0, 1.0, 15.5, 2.0 ] },
						"west": { "texture": "#meat", "uv": [ 12.0, 4.0, 12.5, 5.0 ] },
						"up": { "texture": "#meat", "uv": [ 8.0, 3.5, 12.5, 4.0 ] },
						"down": { "texture": "#meat", "uv": [ 11.0, 5.0, 15.5, 5.5 ] }
					}
				},
				{
					"name": "Cube4",
					"from": [ 0.0, 0.0, 2.0 ],
					"to": [ 4.5, 1.0, 2.5 ],
					"rotationOrigin": [ 1.0, 0.0, -1.0 ],
					"faces": {
						"north": { "texture": "#meat", "uv": [ 12.0, 0.0, 16.5, 1.0 ] },
						"east": { "texture": "#meat", "uv": [ 13.0, 2.0, 13.5, 3.0 ] },
						"south": { "texture": "#meat", "uv": [ 11.0, 1.0, 15.5, 2.0 ] },
						"west": { "texture": "#meat", "uv": [ 12.0, 2.0, 12.5, 3.0 ] },
						"up": { "texture": "#meat", "uv": [ 10.0, 4.0, 14.5, 4.5 ] },
						"down": { "texture": "#meat", "uv": [ 9.0, 0.0, 13.5, 0.5 ] }
					}
				},
				{
					"name": "Cube5",
					"from": [ 0.5, 0.0, -0.5 ],
					"to": [ 3.5, 1.0, 0.0 ],
					"rotationOrigin": [ 1.0, 0.0, -1.0 ],
					"faces": {
						"north": { "texture": "#meat", "uv": [ 12.0, 6.0, 15.0, 7.0 ] },
						"east": { "texture": "#meat", "uv": [ 11.0, 6.0, 11.5, 7.0 ] },
						"west": { "texture": "#meat", "uv": [ 14.0, 4.0, 14.5, 5.0 ] },
						"up": { "texture": "#meat", "uv": [ 10.0, 4.0, 13.0, 4.5 ] },
						"down": { "texture": "#meat", "uv": [ 10.0, 4.0, 13.0, 4.5 ] }
					}
				},
				{
					"name": "Cube7",
					"from": [ 0.5, 0.0, 2.5 ],
					"to": [ 3.5, 0.5, 3.0 ],
					"rotationOrigin": [ 1.0, 0.0, -1.0 ],
					"faces": {
						"east": { "texture": "#meat", "uv": [ 9.0, 1.0, 9.5, 1.5 ] },
						"south": { "texture": "#meat", "uv": [ 12.0, 6.0, 15.0, 6.5 ] },
						"west": { "texture": "#meat", "uv": [ 11.0, 6.0, 11.5, 6.5 ] },
						"up": { "texture": "#meat", "uv": [ 13.0, 7.5, 16.0, 8.0 ] },
						"down": { "texture": "#meat", "uv": [ 9.0, 3.0, 12.0, 3.5 ] }
					}
				},
				{
					"name": "Cube6",
					"from": [ 4.5, 0.0, 0.5 ],
					"to": [ 5.0, 0.5, 1.5 ],
					"rotationOrigin": [ 1.0, 0.0, -1.0 ],
					"faces": {
						"north": { "texture": "#meat", "uv": [ 11.0, 3.0, 11.5, 3.5 ] },
						"east": { "texture": "#meat", "uv": [ 9.0, 1.0, 10.0, 1.5 ] },
						"south": { "texture": "#meat", "uv": [ 13.0, 2.0, 13.5, 2.5 ] },
						"up": { "texture": "#meat", "uv": [ 12.0, 3.0, 12.5, 4.0 ] },
						"down": { "texture": "#meat", "uv": [ 12.0, 3.0, 12.5, 4.0 ] }
					}
				},
				{
					"name": "Cube8",
					"from": [ -0.5, 0.0, 0.0 ],
					"to": [ 0.0, 0.5, 1.0 ],
					"rotationOrigin": [ 1.0, 0.0, -1.0 ],
					"faces": {
						"north": { "texture": "#meat", "uv": [ 9.0, 5.0, 9.5, 5.5 ] },
						"south": { "texture": "#meat", "uv": [ 12.0, 1.0, 12.5, 1.5 ] },
						"west": { "texture": "#meat", "uv": [ 13.0, 2.0, 14.0, 2.5 ] },
						"up": { "texture": "#meat", "uv": [ 13.0, 0.0, 13.5, 1.0 ] },
						"down": { "texture": "#meat", "uv": [ 9.0, 3.0, 9.5, 4.0 ] }
					}
				}
			]
		},
		{
			"name": "Cube2",
			"from": [ 4.0, 0.0, 10.0 ],
			"to": [ 10.0, 1.0, 11.5 ],
			"rotationOrigin": [ 4.0, 0.0, 10.0 ],
			"faces": {
				"north": { "texture": "#meat", "uv": [ 10.0, 7.0, 14.5, 8.0 ] },
				"east": { "texture": "#meat", "uv": [ 10.0, 1.0, 11.5, 2.0 ] },
				"south": { "texture": "#meat", "uv": [ 10.0, 4.0, 14.5, 5.0 ] },
				"west": { "texture": "#meat", "uv": [ 12.0, 2.0, 13.5, 3.0 ] },
				"up": { "texture": "#meat", "uv": [ 9.0, 4.0, 13.5, 5.5 ] },
				"down": { "texture": "#meat", "uv": [ 9.0, 4.0, 13.5, 5.5 ] }
			},
			"children": [
				{
					"name": "Cube3",
					"from": [ -0.5, 0.0, 1.5 ],
					"to": [ 4.0, 1.0, 2.0 ],
					"rotationOrigin": [ 1.0, 0.0, -1.0 ],
					"faces": {
						"north": { "texture": "#meat", "uv": [ 11.0, 5.0, 15.5, 6.0 ] },
						"east": { "texture": "#meat", "uv": [ 15.0, 4.0, 15.5, 5.0 ] },
						"south": { "texture": "#meat", "uv": [ 11.0, 1.0, 15.5, 2.0 ] },
						"west": { "texture": "#meat", "uv": [ 12.0, 4.0, 12.5, 5.0 ] },
						"up": { "texture": "#meat", "uv": [ 8.0, 3.5, 12.5, 4.0 ] },
						"down": { "texture": "#meat", "uv": [ 11.0, 5.0, 15.5, 5.5 ] }
					}
				},
				{
					"name": "Cube4",
					"from": [ 0.0, 0.0, 2.0 ],
					"to": [ 4.5, 1.0, 2.5 ],
					"rotationOrigin": [ 1.0, 0.0, -1.0 ],
					"faces": {
						"north": { "texture": "#meat", "uv": [ 12.0, 0.0, 16.5, 1.0 ] },
						"east": { "texture": "#meat", "uv": [ 13.0, 2.0, 13.5, 3.0 ] },
						"south": { "texture": "#meat", "uv": [ 11.0, 1.0, 15.5, 2.0 ] },
						"west": { "texture": "#meat", "uv": [ 12.0, 2.0, 12.5, 3.0 ] },
						"up": { "texture": "#meat", "uv": [ 10.0, 4.0, 14.5, 4.5 ] },
						"down": { "texture": "#meat", "uv": [ 9.0, 0.0, 13.5, 0.5 ] }
					}
				},
				{
					"name": "Cube5",
					"from": [ 0.5, 0.0, -0.5 ],
					"to": [ 3.5, 1.0, 0.0 ],
					"rotationOrigin": [ 1.0, 0.0, -1.0 ],
					"faces": {
						"north": { "texture": "#meat", "uv": [ 12.0, 6.0, 15.0, 7.0 ] },
						"east": { "texture": "#meat", "uv": [ 11.0, 6.0, 11.5, 7.0 ] },
						"west": { "texture": "#meat", "uv": [ 14.0, 4.0, 14.5, 5.0 ] },
						"up": { "texture": "#meat", "uv": [ 10.0, 4.0, 13.0, 4.5 ] },
						"down": { "texture": "#meat", "uv": [ 10.0, 4.0, 13.0, 4.5 ] }
					}
				},
				{
					"name": "Cube7",
					"from": [ 0.5, 0.0, 2.5 ],
					"to": [ 3.5, 0.5, 3.0 ],
					"rotationOrigin": [ 1.0, 0.0, -1.0 ],
					"faces": {
						"east": { "texture": "#meat", "uv": [ 9.0, 1.0, 9.5, 1.5 ] },
						"south": { "texture": "#meat", "uv": [ 12.0, 6.0, 15.0, 6.5 ] },
						"west": { "texture": "#meat", "uv": [ 11.0, 6.0, 11.5, 6.5 ] },
						"up": { "texture": "#meat", "uv": [ 13.0, 7.5, 16.0, 8.0 ] },
						"down": { "texture": "#meat", "uv": [ 9.0, 3.0, 12.0, 3.5 ] }
					}
				},
				{
					"name": "Cube6",
					"from": [ 4.5, 0.0, 0.5 ],
					"to": [ 5.0, 0.5, 1.5 ],
					"rotationOrigin": [ 1.0, 0.0, -1.0 ],
					"faces": {
						"north": { "texture": "#meat", "uv": [ 11.0, 3.0, 11.5, 3.5 ] },
						"east": { "texture": "#meat", "uv": [ 9.0, 1.0, 10.0, 1.5 ] },
						"south": { "texture": "#meat", "uv": [ 13.0, 2.0, 13.5, 2.5 ] },
						"up": { "texture": "#meat", "uv": [ 12.0, 3.0, 12.5, 4.0 ] },
						"down": { "texture": "#meat", "uv": [ 12.0, 3.0, 12.5, 4.0 ] }
					}
				},
				{
					"name": "Cube8",
					"from": [ -0.5, 0.0, 0.0 ],
					"to": [ 0.0, 0.5, 1.0 ],
					"rotationOrigin": [ 1.0, 0.0, -1.0 ],
					"faces": {
						"north": { "texture": "#meat", "uv": [ 9.0, 5.0, 9.5, 5.5 ] },
						"south": { "texture": "#meat", "uv": [ 12.0, 1.0, 12.5, 1.5 ] },
						"west": { "texture": "#meat", "uv": [ 13.0, 2.0, 14.0, 2.5 ] },
						"up": { "texture": "#meat", "uv": [ 13.0, 0.0, 13.5, 1.0 ] },
						"down": { "texture": "#meat", "uv": [ 9.0, 3.0, 9.5, 4.0 ] }
					}
				}
			]
		},
		{
			"name": "Cube13",
			"from": [ 4.0, 1.0, 12.0 ],
			"to": [ 10.0, 2.0, 13.5 ],
			"rotationOrigin": [ 4.0, 1.0, 12.0 ],
			"faces": {
				"north": { "texture": "#meat", "uv": [ 10.0, 7.0, 14.5, 8.0 ] },
				"east": { "texture": "#meat", "uv": [ 10.0, 1.0, 11.5, 2.0 ] },
				"south": { "texture": "#meat", "uv": [ 10.0, 4.0, 14.5, 5.0 ] },
				"west": { "texture": "#meat", "uv": [ 12.0, 2.0, 13.5, 3.0 ] },
				"up": { "texture": "#meat", "uv": [ 9.0, 4.0, 13.5, 5.5 ] },
				"down": { "texture": "#meat", "uv": [ 9.0, 4.0, 13.5, 5.5 ] }
			},
			"children": [
				{
					"name": "Cube3",
					"from": [ -0.5, 0.0, 1.5 ],
					"to": [ 4.0, 1.0, 2.0 ],
					"rotationOrigin": [ 1.0, 0.0, -1.0 ],
					"faces": {
						"north": { "texture": "#meat", "uv": [ 11.0, 5.0, 15.5, 6.0 ] },
						"east": { "texture": "#meat", "uv": [ 15.0, 4.0, 15.5, 5.0 ] },
						"south": { "texture": "#meat", "uv": [ 11.0, 1.0, 15.5, 2.0 ] },
						"west": { "texture": "#meat", "uv": [ 12.0, 4.0, 12.5, 5.0 ] },
						"up": { "texture": "#meat", "uv": [ 8.0, 3.5, 12.5, 4.0 ] },
						"down": { "texture": "#meat", "uv": [ 11.0, 5.0, 15.5, 5.5 ] }
					}
				},
				{
					"name": "Cube4",
					"from": [ 0.0, 0.0, 2.0 ],
					"to": [ 4.5, 1.0, 2.5 ],
					"rotationOrigin": [ 1.0, 0.0, -1.0 ],
					"faces": {
						"north": { "texture": "#meat", "uv": [ 12.0, 0.0, 16.5, 1.0 ] },
						"east": { "texture": "#meat", "uv": [ 13.0, 2.0, 13.5, 3.0 ] },
						"south": { "texture": "#meat", "uv": [ 11.0, 1.0, 15.5, 2.0 ] },
						"west": { "texture": "#meat", "uv": [ 12.0, 2.0, 12.5, 3.0 ] },
						"up": { "texture": "#meat", "uv": [ 10.0, 4.0, 14.5, 4.5 ] },
						"down": { "texture": "#meat", "uv": [ 9.0, 0.0, 13.5, 0.5 ] }
					}
				},
				{
					"name": "Cube5",
					"from": [ 0.5, 0.0, -0.5 ],
					"to": [ 3.5, 1.0, 0.0 ],
					"rotationOrigin": [ 1.0, 0.0, -1.0 ],
					"faces": {
						"north": { "texture": "#meat", "uv": [ 12.0, 6.0, 15.0, 7.0 ] },
						"east": { "texture": "#meat", "uv": [ 11.0, 6.0, 11.5, 7.0 ] },
						"west": { "texture": "#meat", "uv": [ 14.0, 4.0, 14.5, 5.0 ] },
						"up": { "texture": "#meat", "uv": [ 10.0, 4.0, 13.0, 4.5 ] },
						"down": { "texture": "#meat", "uv": [ 10.0, 4.0, 13.0, 4.5 ] }
					}
				},
				{
					"name": "Cube7",
					"from": [ 0.5, 0.0, 2.5 ],
					"to": [ 3.5, 0.5, 3.0 ],
					"rotationOrigin": [ 1.0, 0.0, -1.0 ],
					"faces": {
						"east": { "texture": "#meat", "uv": [ 9.0, 1.0, 9.5, 1.5 ] },
						"south": { "texture": "#meat", "uv": [ 12.0, 6.0, 15.0, 6.5 ] },
						"west": { "texture": "#meat", "uv": [ 11.0, 6.0, 11.5, 6.5 ] },
						"up": { "texture": "#meat", "uv": [ 13.0, 7.5, 16.0, 8.0 ] },
						"down": { "texture": "#meat", "uv": [ 9.0, 3.0, 12.0, 3.5 ] }
					}
				},
				{
					"name": "Cube6",
					"from": [ 4.5, 0.0, 0.5 ],
					"to": [ 5.0, 0.5, 1.5 ],
					"rotationOrigin": [ 1.0, 0.0, -1.0 ],
					"faces": {
						"north": { "texture": "#meat", "uv": [ 11.0, 3.0, 11.5, 3.5 ] },
						"east": { "texture": "#meat", "uv": [ 9.0, 1.0, 10.0, 1.5 ] },
						"south": { "texture": "#meat", "uv": [ 13.0, 2.0, 13.5, 2.5 ] },
						"up": { "texture": "#meat", "uv": [ 12.0, 3.0, 12.5, 4.0 ] },
						"down": { "texture": "#meat", "uv": [ 12.0, 3.0, 12.5, 4.0 ] }
					}
				},
				{
					"name": "Cube8",
					"from": [ -0.5, 0.0, 0.0 ],
					"to": [ 0.0, 0.5, 1.0 ],
					"rotationOrigin": [ 1.0, 0.0, -1.0 ],
					"faces": {
						"north": { "texture": "#meat", "uv": [ 9.0, 5.0, 9.5, 5.5 ] },
						"south": { "texture": "#meat", "uv": [ 12.0, 1.0, 12.5, 1.5 ] },
						"west": { "texture": "#meat", "uv": [ 13.0, 2.0, 14.0, 2.5 ] },
						"up": { "texture": "#meat", "uv": [ 13.0, 0.0, 13.5, 1.0 ] },
						"down": { "texture": "#meat", "uv": [ 9.0, 3.0, 9.5, 4.0 ] }
					}
				}
			]
		},
		{
			"name": "Cube19",
			"from": [ 4.0, 1.0, 8.0 ],
			"to": [ 10.0, 2.0, 9.5 ],
			"rotationOrigin": [ 4.0, 1.0, 8.0 ],
			"faces": {
				"north": { "texture": "#meat", "uv": [ 10.0, 7.0, 14.5, 8.0 ] },
				"east": { "texture": "#meat", "uv": [ 10.0, 1.0, 11.5, 2.0 ] },
				"south": { "texture": "#meat", "uv": [ 10.0, 4.0, 14.5, 5.0 ] },
				"west": { "texture": "#meat", "uv": [ 12.0, 2.0, 13.5, 3.0 ] },
				"up": { "texture": "#meat", "uv": [ 9.0, 4.0, 13.5, 5.5 ] },
				"down": { "texture": "#meat", "uv": [ 9.0, 4.0, 13.5, 5.5 ] }
			},
			"children": [
				{
					"name": "Cube3",
					"from": [ -0.5, 0.0, 1.5 ],
					"to": [ 4.0, 1.0, 2.0 ],
					"rotationOrigin": [ 1.0, 0.0, -1.0 ],
					"faces": {
						"north": { "texture": "#meat", "uv": [ 11.0, 5.0, 15.5, 6.0 ] },
						"east": { "texture": "#meat", "uv": [ 15.0, 4.0, 15.5, 5.0 ] },
						"south": { "texture": "#meat", "uv": [ 11.0, 1.0, 15.5, 2.0 ] },
						"west": { "texture": "#meat", "uv": [ 12.0, 4.0, 12.5, 5.0 ] },
						"up": { "texture": "#meat", "uv": [ 8.0, 3.5, 12.5, 4.0 ] },
						"down": { "texture": "#meat", "uv": [ 11.0, 5.0, 15.5, 5.5 ] }
					}
				},
				{
					"name": "Cube4",
					"from": [ 0.0, 0.0, 2.0 ],
					"to": [ 4.5, 1.0, 2.5 ],
					"rotationOrigin": [ 1.0, 0.0, -1.0 ],
					"faces": {
						"north": { "texture": "#meat", "uv": [ 12.0, 0.0, 16.5, 1.0 ] },
						"east": { "texture": "#meat", "uv": [ 13.0, 2.0, 13.5, 3.0 ] },
						"south": { "texture": "#meat", "uv": [ 11.0, 1.0, 15.5, 2.0 ] },
						"west": { "texture": "#meat", "uv": [ 12.0, 2.0, 12.5, 3.0 ] },
						"up": { "texture": "#meat", "uv": [ 10.0, 4.0, 14.5, 4.5 ] },
						"down": { "texture": "#meat", "uv": [ 9.0, 0.0, 13.5, 0.5 ] }
					}
				},
				{
					"name": "Cube5",
					"from": [ 0.5, 0.0, -0.5 ],
					"to": [ 3.5, 1.0, 0.0 ],
					"rotationOrigin": [ 1.0, 0.0, -1.0 ],
					"faces": {
						"north": { "texture": "#meat", "uv": [ 12.0, 6.0, 15.0, 7.0 ] },
						"east": { "texture": "#meat", "uv": [ 11.0, 6.0, 11.5, 7.0 ] },
						"west": { "texture": "#meat", "uv": [ 14.0, 4.0, 14.5, 5.0 ] },
						"up": { "texture": "#meat", "uv": [ 10.0, 4.0, 13.0, 4.5 ] },
						"down": { "texture": "#meat", "uv": [ 10.0, 4.0, 13.0, 4.5 ] }
					}
				},
				{
					"name": "Cube7",
					"from": [ 0.5, 0.0, 2.5 ],
					"to": [ 3.5, 0.5, 3.0 ],
					"rotationOrigin": [ 1.0, 0.0, -1.0 ],
					"faces": {
						"east": { "texture": "#meat", "uv": [ 9.0, 1.0, 9.5, 1.5 ] },
						"south": { "texture": "#meat", "uv": [ 12.0, 6.0, 15.0, 6.5 ] },
						"west": { "texture": "#meat", "uv": [ 11.0, 6.0, 11.5, 6.5 ] },
						"up": { "texture": "#meat", "uv": [ 13.0, 7.5, 16.0, 8.0 ] },
						"down": { "texture": "#meat", "uv": [ 9.0, 3.0, 12.0, 3.5 ] }
					}
				},
				{
					"name": "Cube6",
					"from": [ 4.5, 0.0, 0.5 ],
					"to": [ 5.0, 0.5, 1.5 ],
					"rotationOrigin": [ 1.0, 0.0, -1.0 ],
					"faces": {
						"north": { "texture": "#meat", "uv": [ 11.0, 3.0, 11.5, 3.5 ] },
						"east": { "texture": "#meat", "uv": [ 9.0, 1.0, 10.0, 1.5 ] },
						"south": { "texture": "#meat", "uv": [ 13.0, 2.0, 13.5, 2.5 ] },
						"up": { "texture": "#meat", "uv": [ 12.0, 3.0, 12.5, 4.0 ] },
						"down": { "texture": "#meat", "uv": [ 12.0, 3.0, 12.5, 4.0 ] }
					}
				},
				{
					"name": "Cube8",
					"from": [ -0.5, 0.0, 0.0 ],
					"to": [ 0.0, 0.5, 1.0 ],
					"rotationOrigin": [ 1.0, 0.0, -1.0 ],
					"faces": {
						"north": { "texture": "#meat", "uv": [ 9.0, 5.0, 9.5, 5.5 ] },
						"south": { "texture": "#meat", "uv": [ 12.0, 1.0, 12.5, 1.5 ] },
						"west": { "texture": "#meat", "uv": [ 13.0, 2.0, 14.0, 2.5 ] },
						"up": { "texture": "#meat", "uv": [ 13.0, 0.0, 13.5, 1.0 ] },
						"down": { "texture": "#meat", "uv": [ 9.0, 3.0, 9.5, 4.0 ] }
					}
				}
			]
		},
		{
			"name": "Cube25",
			"from": [ 4.0, 1.0, 4.0 ],
			"to": [ 10.0, 2.0, 5.5 ],
			"rotationOrigin": [ 4.0, 1.0, 4.0 ],
			"faces": {
				"north": { "texture": "#meat", "uv": [ 10.0, 7.0, 14.5, 8.0 ] },
				"east": { "texture": "#meat", "uv": [ 10.0, 1.0, 11.5, 2.0 ] },
				"south": { "texture": "#meat", "uv": [ 10.0, 4.0, 14.5, 5.0 ] },
				"west": { "texture": "#meat", "uv": [ 12.0, 2.0, 13.5, 3.0 ] },
				"up": { "texture": "#meat", "uv": [ 9.0, 4.0, 13.5, 5.5 ] },
				"down": { "texture": "#meat", "uv": [ 9.0, 4.0, 13.5, 5.5 ] }
			},
			"children": [
				{
					"name": "Cube3",
					"from": [ -0.5, 0.0, 1.5 ],
					"to": [ 4.0, 1.0, 2.0 ],
					"rotationOrigin": [ 1.0, 0.0, -1.0 ],
					"faces": {
						"north": { "texture": "#meat", "uv": [ 11.0, 5.0, 15.5, 6.0 ] },
						"east": { "texture": "#meat", "uv": [ 15.0, 4.0, 15.5, 5.0 ] },
						"south": { "texture": "#meat", "uv": [ 11.0, 1.0, 15.5, 2.0 ] },
						"west": { "texture": "#meat", "uv": [ 12.0, 4.0, 12.5, 5.0 ] },
						"up": { "texture": "#meat", "uv": [ 8.0, 3.5, 12.5, 4.0 ] },
						"down": { "texture": "#meat", "uv": [ 11.0, 5.0, 15.5, 5.5 ] }
					}
				},
				{
					"name": "Cube4",
					"from": [ 0.0, 0.0, 2.0 ],
					"to": [ 4.5, 1.0, 2.5 ],
					"rotationOrigin": [ 1.0, 0.0, -1.0 ],
					"faces": {
						"north": { "texture": "#meat", "uv": [ 12.0, 0.0, 16.5, 1.0 ] },
						"east": { "texture": "#meat", "uv": [ 13.0, 2.0, 13.5, 3.0 ] },
						"south": { "texture": "#meat", "uv": [ 11.0, 1.0, 15.5, 2.0 ] },
						"west": { "texture": "#meat", "uv": [ 12.0, 2.0, 12.5, 3.0 ] },
						"up": { "texture": "#meat", "uv": [ 10.0, 4.0, 14.5, 4.5 ] },
						"down": { "texture": "#meat", "uv": [ 9.0, 0.0, 13.5, 0.5 ] }
					}
				},
				{
					"name": "Cube5",
					"from": [ 0.5, 0.0, -0.5 ],
					"to": [ 3.5, 1.0, 0.0 ],
					"rotationOrigin": [ 1.0, 0.0, -1.0 ],
					"faces": {
						"north": { "texture": "#meat", "uv": [ 12.0, 6.0, 15.0, 7.0 ] },
						"east": { "texture": "#meat", "uv": [ 11.0, 6.0, 11.5, 7.0 ] },
						"west": { "texture": "#meat", "uv": [ 14.0, 4.0, 14.5, 5.0 ] },
						"up": { "texture": "#meat", "uv": [ 10.0, 4.0, 13.0, 4.5 ] },
						"down": { "texture": "#meat", "uv": [ 10.0, 4.0, 13.0, 4.5 ] }
					}
				},
				{
					"name": "Cube7",
					"from": [ 0.5, 0.0, 2.5 ],
					"to": [ 3.5, 0.5, 3.0 ],
					"rotationOrigin": [ 1.0, 0.0, -1.0 ],
					"faces": {
						"east": { "texture": "#meat", "uv": [ 9.0, 1.0, 9.5, 1.5 ] },
						"south": { "texture": "#meat", "uv": [ 12.0, 6.0, 15.0, 6.5 ] },
						"west": { "texture": "#meat", "uv": [ 11.0, 6.0, 11.5, 6.5 ] },
						"up": { "texture": "#meat", "uv": [ 13.0, 7.5, 16.0, 8.0 ] },
						"down": { "texture": "#meat", "uv": [ 9.0, 3.0, 12.0, 3.5 ] }
					}
				},
				{
					"name": "Cube6",
					"from": [ 4.5, 0.0, 0.5 ],
					"to": [ 5.0, 0.5, 1.5 ],
					"rotationOrigin": [ 1.0, 0.0, -1.0 ],
					"faces": {
						"north": { "texture": "#meat", "uv": [ 11.0, 3.0, 11.5, 3.5 ] },
						"east": { "texture": "#meat", "uv": [ 9.0, 1.0, 10.0, 1.5 ] },
						"south": { "texture": "#meat", "uv": [ 13.0, 2.0, 13.5, 2.5 ] },
						"up": { "texture": "#meat", "uv": [ 12.0, 3.0, 12.5, 4.0 ] },
						"down": { "texture": "#meat", "uv": [ 12.0, 3.0, 12.5, 4.0 ] }
					}
				},
				{
					"name": "Cube8",
					"from": [ -0.5, 0.0, 0.0 ],
					"to": [ 0.0, 0.5, 1.0 ],
					"rotationOrigin": [ 1.0, 0.0, -1.0 ],
					"faces": {
						"north": { "texture": "#meat", "uv": [ 9.0, 5.0, 9.5, 5.5 ] },
						"south": { "texture": "#meat", "uv": [ 12.0, 1.0, 12.5, 1.5 ] },
						"west": { "texture": "#meat", "uv": [ 13.0, 2.0, 14.0, 2.5 ] },
						"up": { "texture": "#meat", "uv": [ 13.0, 0.0, 13.5, 1.0 ] },
						"down": { "texture": "#meat", "uv": [ 9.0, 3.0, 9.5, 4.0 ] }
					}
				}
			]
		},
		{
			"name": "Cube31",
			"from": [ 4.0, 2.0, 6.0 ],
			"to": [ 10.0, 3.0, 7.5 ],
			"rotationOrigin": [ 4.0, 2.0, 6.0 ],
			"faces": {
				"north": { "texture": "#meat", "uv": [ 0.0, 1.0, 6.0, 2.0 ] },
				"east": { "texture": "#meat", "uv": [ 6.0, 2.0, 7.5, 3.0 ] },
				"south": { "texture": "#meat", "uv": [ 0.0, 0.0, 6.0, 1.0 ] },
				"west": { "texture": "#meat", "uv": [ 6.0, 3.0, 7.5, 4.0 ] },
				"up": { "texture": "#meat", "uv": [ 1.0, 1.0, 7.0, 2.5 ] },
				"down": { "texture": "#meat", "uv": [ 2.0, 0.0, 8.0, 1.5 ] }
			},
			"children": [
				{
					"name": "Cube32",
					"from": [ 0.5, 0.0, 1.5 ],
					"to": [ 5.0, 1.0, 2.0 ],
					"rotationOrigin": [ 1.0, 0.0, -1.0 ],
					"faces": {
						"east": { "texture": "#meat", "uv": [ 7.0, 2.0, 7.5, 3.0 ] },
						"west": { "texture": "#meat", "uv": [ 0.0, 1.0, 0.5, 2.0 ] },
						"up": { "texture": "#meat", "uv": [ 0.0, 0.5, 4.5, 1.0 ] },
						"down": { "texture": "#meat", "uv": [ 0.0, 0.0, 4.5, 0.5 ] }
					}
				},
				{
					"name": "Cube33",
					"from": [ 0.5, 0.0, 2.0 ],
					"to": [ 5.5, 1.0, 2.5 ],
					"rotationOrigin": [ 1.0, 0.0, -1.0 ],
					"faces": {
						"north": { "texture": "#meat", "uv": [ 0.0, 0.0, 5.0, 1.0 ] },
						"east": { "texture": "#meat", "uv": [ 7.0, 3.0, 7.5, 4.0 ] },
						"south": { "texture": "#meat", "uv": [ 1.0, 2.0, 6.0, 3.0 ] },
						"west": { "texture": "#meat", "uv": [ 7.0, 0.0, 7.5, 1.0 ] },
						"up": { "texture": "#meat", "uv": [ 0.0, 3.0, 5.0, 3.5 ] },
						"down": { "texture": "#meat", "uv": [ 0.0, 0.0, 5.0, 0.5 ] }
					}
				},
				{
					"name": "Cube34",
					"from": [ 1.0, 0.0, -0.5 ],
					"to": [ 5.0, 1.0, 0.0 ],
					"rotationOrigin": [ 1.0, 0.0, -1.0 ],
					"faces": {
						"north": { "texture": "#meat", "uv": [ 1.0, 3.0, 5.0, 4.0 ] },
						"east": { "texture": "#meat", "uv": [ 6.0, 3.0, 6.5, 4.0 ] },
						"west": { "texture": "#meat", "uv": [ 3.0, 3.0, 3.5, 4.0 ] },
						"up": { "texture": "#meat", "uv": [ 1.0, 3.0, 5.0, 3.5 ] },
						"down": { "texture": "#meat", "uv": [ 0.0, 0.0, 4.0, 0.5 ] }
					}
				},
				{
					"name": "Cube35",
					"from": [ 1.5, 0.0, -1.0 ],
					"to": [ 4.5, 0.5, -0.5 ],
					"rotationOrigin": [ 1.0, 0.0, -1.0 ],
					"faces": {
						"north": { "texture": "#meat", "uv": [ 0.0, 2.0, 3.0, 2.5 ] },
						"east": { "texture": "#meat", "uv": [ 0.0, 0.0, 0.5, 0.5 ] },
						"west": { "texture": "#meat", "uv": [ 0.0, 0.0, 0.5, 0.5 ] },
						"up": { "texture": "#meat", "uv": [ 1.0, 2.0, 4.0, 2.5 ] },
						"down": { "texture": "#meat", "uv": [ 0.0, 0.0, 3.0, 0.5 ] }
					}
				},
				{
					"name": "Cube36",
					"from": [ 1.5, 0.0, 2.5 ],
					"to": [ 4.5, 0.5, 3.0 ],
					"rotationOrigin": [ 1.0, 0.0, -1.0 ],
					"faces": {
						"east": { "texture": "#meat", "uv": [ 5.0, 1.0, 5.5, 1.5 ] },
						"south": { "texture": "#meat", "uv": [ 1.0, 3.0, 4.0, 3.5 ] },
						"west": { "texture": "#meat", "uv": [ 1.0, 3.0, 1.5, 3.5 ] },
						"up": { "texture": "#meat", "uv": [ 3.0, 3.0, 6.0, 3.5 ] },
						"down": { "texture": "#meat", "uv": [ 0.0, 0.0, 3.0, 0.5 ] }
					}
				}
			]
		},
		{
			"name": "Cube37",
			"from": [ 4.0, 2.0, 11.0 ],
			"to": [ 10.0, 3.0, 12.5 ],
			"rotationOrigin": [ 4.0, 2.0, 11.0 ],
			"faces": {
				"north": { "texture": "#meat", "uv": [ 10.0, 7.0, 14.5, 8.0 ] },
				"east": { "texture": "#meat", "uv": [ 10.0, 1.0, 11.5, 2.0 ] },
				"south": { "texture": "#meat", "uv": [ 10.0, 4.0, 14.5, 5.0 ] },
				"west": { "texture": "#meat", "uv": [ 12.0, 2.0, 13.5, 3.0 ] },
				"up": { "texture": "#meat", "uv": [ 9.0, 4.0, 13.5, 5.5 ] },
				"down": { "texture": "#meat", "uv": [ 9.0, 4.0, 13.5, 5.5 ] }
			},
			"children": [
				{
					"name": "Cube3",
					"from": [ -0.5, 0.0, 1.5 ],
					"to": [ 4.0, 1.0, 2.0 ],
					"rotationOrigin": [ 1.0, 0.0, -1.0 ],
					"faces": {
						"north": { "texture": "#meat", "uv": [ 11.0, 5.0, 15.5, 6.0 ] },
						"east": { "texture": "#meat", "uv": [ 15.0, 4.0, 15.5, 5.0 ] },
						"south": { "texture": "#meat", "uv": [ 11.0, 1.0, 15.5, 2.0 ] },
						"west": { "texture": "#meat", "uv": [ 12.0, 4.0, 12.5, 5.0 ] },
						"up": { "texture": "#meat", "uv": [ 8.0, 3.5, 12.5, 4.0 ] },
						"down": { "texture": "#meat", "uv": [ 11.0, 5.0, 15.5, 5.5 ] }
					}
				},
				{
					"name": "Cube4",
					"from": [ 0.0, 0.0, 2.0 ],
					"to": [ 4.5, 1.0, 2.5 ],
					"rotationOrigin": [ 1.0, 0.0, -1.0 ],
					"faces": {
						"north": { "texture": "#meat", "uv": [ 12.0, 0.0, 16.5, 1.0 ] },
						"east": { "texture": "#meat", "uv": [ 13.0, 2.0, 13.5, 3.0 ] },
						"south": { "texture": "#meat", "uv": [ 11.0, 1.0, 15.5, 2.0 ] },
						"west": { "texture": "#meat", "uv": [ 12.0, 2.0, 12.5, 3.0 ] },
						"up": { "texture": "#meat", "uv": [ 10.0, 4.0, 14.5, 4.5 ] },
						"down": { "texture": "#meat", "uv": [ 9.0, 0.0, 13.5, 0.5 ] }
					}
				},
				{
					"name": "Cube5",
					"from": [ 0.5, 0.0, -0.5 ],
					"to": [ 3.5, 1.0, 0.0 ],
					"rotationOrigin": [ 1.0, 0.0, -1.0 ],
					"faces": {
						"north": { "texture": "#meat", "uv": [ 12.0, 6.0, 15.0, 7.0 ] },
						"east": { "texture": "#meat", "uv": [ 11.0, 6.0, 11.5, 7.0 ] },
						"west": { "texture": "#meat", "uv": [ 14.0, 4.0, 14.5, 5.0 ] },
						"up": { "texture": "#meat", "uv": [ 10.0, 4.0, 13.0, 4.5 ] },
						"down": { "texture": "#meat", "uv": [ 10.0, 4.0, 13.0, 4.5 ] }
					}
				},
				{
					"name": "Cube7",
					"from": [ 0.5, 0.0, 2.5 ],
					"to": [ 3.5, 0.5, 3.0 ],
					"rotationOrigin": [ 1.0, 0.0, -1.0 ],
					"faces": {
						"east": { "texture": "#meat", "uv": [ 9.0, 1.0, 9.5, 1.5 ] },
						"south": { "texture": "#meat", "uv": [ 12.0, 6.0, 15.0, 6.5 ] },
						"west": { "texture": "#meat", "uv": [ 11.0, 6.0, 11.5, 6.5 ] },
						"up": { "texture": "#meat", "uv": [ 13.0, 7.5, 16.0, 8.0 ] },
						"down": { "texture": "#meat", "uv": [ 9.0, 3.0, 12.0, 3.5 ] }
					}
				},
				{
					"name": "Cube6",
					"from": [ 4.5, 0.0, 0.5 ],
					"to": [ 5.0, 0.5, 1.5 ],
					"rotationOrigin": [ 1.0, 0.0, -1.0 ],
					"faces": {
						"north": { "texture": "#meat", "uv": [ 11.0, 3.0, 11.5, 3.5 ] },
						"east": { "texture": "#meat", "uv": [ 9.0, 1.0, 10.0, 1.5 ] },
						"south": { "texture": "#meat", "uv": [ 13.0, 2.0, 13.5, 2.5 ] },
						"up": { "texture": "#meat", "uv": [ 12.0, 3.0, 12.5, 4.0 ] },
						"down": { "texture": "#meat", "uv": [ 12.0, 3.0, 12.5, 4.0 ] }
					}
				},
				{
					"name": "Cube8",
					"from": [ -0.5, 0.0, 0.0 ],
					"to": [ 0.0, 0.5, 1.0 ],
					"rotationOrigin": [ 1.0, 0.0, -1.0 ],
					"faces": {
						"north": { "texture": "#meat", "uv": [ 9.0, 5.0, 9.5, 5.5 ] },
						"south": { "texture": "#meat", "uv": [ 12.0, 1.0, 12.5, 1.5 ] },
						"west": { "texture": "#meat", "uv": [ 13.0, 2.0, 14.0, 2.5 ] },
						"up": { "texture": "#meat", "uv": [ 13.0, 0.0, 13.5, 1.0 ] },
						"down": { "texture": "#meat", "uv": [ 9.0, 3.0, 9.5, 4.0 ] }
					}
				}
			]
		},
		{
			"name": "Cube43",
			"from": [ 4.0, 3.0, 8.0 ],
			"to": [ 10.0, 4.0, 9.5 ],
			"rotationOrigin": [ 4.0, 3.0, 8.0 ],
			"rotationX": 22.5,
			"rotationY": 22.5,
			"faces": {
				"north": { "texture": "#meat", "uv": [ 10.0, 7.0, 14.5, 8.0 ] },
				"east": { "texture": "#meat", "uv": [ 10.0, 1.0, 11.5, 2.0 ] },
				"south": { "texture": "#meat", "uv": [ 10.0, 4.0, 14.5, 5.0 ] },
				"west": { "texture": "#meat", "uv": [ 12.0, 2.0, 13.5, 3.0 ] },
				"up": { "texture": "#meat", "uv": [ 9.0, 4.0, 13.5, 5.5 ] },
				"down": { "texture": "#meat", "uv": [ 9.0, 4.0, 13.5, 5.5 ] }
			},
			"children": [
				{
					"name": "Cube3",
					"from": [ -0.5, 0.0, 1.5 ],
					"to": [ 4.0, 1.0, 2.0 ],
					"rotationOrigin": [ 1.0, 0.0, -1.0 ],
					"faces": {
						"north": { "texture": "#meat", "uv": [ 11.0, 5.0, 15.5, 6.0 ] },
						"east": { "texture": "#meat", "uv": [ 15.0, 4.0, 15.5, 5.0 ] },
						"south": { "texture": "#meat", "uv": [ 11.0, 1.0, 15.5, 2.0 ] },
						"west": { "texture": "#meat", "uv": [ 12.0, 4.0, 12.5, 5.0 ] },
						"up": { "texture": "#meat", "uv": [ 8.0, 3.5, 12.5, 4.0 ] },
						"down": { "texture": "#meat", "uv": [ 11.0, 5.0, 15.5, 5.5 ] }
					}
				},
				{
					"name": "Cube4",
					"from": [ 0.0, 0.0, 2.0 ],
					"to": [ 4.5, 1.0, 2.5 ],
					"rotationOrigin": [ 1.0, 0.0, -1.0 ],
					"faces": {
						"north": { "texture": "#meat", "uv": [ 12.0, 0.0, 16.5, 1.0 ] },
						"east": { "texture": "#meat", "uv": [ 13.0, 2.0, 13.5, 3.0 ] },
						"south": { "texture": "#meat", "uv": [ 11.0, 1.0, 15.5, 2.0 ] },
						"west": { "texture": "#meat", "uv": [ 12.0, 2.0, 12.5, 3.0 ] },
						"up": { "texture": "#meat", "uv": [ 10.0, 4.0, 14.5, 4.5 ] },
						"down": { "texture": "#meat", "uv": [ 9.0, 0.0, 13.5, 0.5 ] }
					}
				},
				{
					"name": "Cube5",
					"from": [ 0.5, 0.0, -0.5 ],
					"to": [ 3.5, 1.0, 0.0 ],
					"rotationOrigin": [ 1.0, 0.0, -1.0 ],
					"faces": {
						"north": { "texture": "#meat", "uv": [ 12.0, 6.0, 15.0, 7.0 ] },
						"east": { "texture": "#meat", "uv": [ 11.0, 6.0, 11.5, 7.0 ] },
						"west": { "texture": "#meat", "uv": [ 14.0, 4.0, 14.5, 5.0 ] },
						"up": { "texture": "#meat", "uv": [ 10.0, 4.0, 13.0, 4.5 ] },
						"down": { "texture": "#meat", "uv": [ 10.0, 4.0, 13.0, 4.5 ] }
					}
				},
				{
					"name": "Cube7",
					"from": [ 0.5, 0.0, 2.5 ],
					"to": [ 3.5, 0.5, 3.0 ],
					"rotationOrigin": [ 1.0, 0.0, -1.0 ],
					"faces": {
						"east": { "texture": "#meat", "uv": [ 9.0, 1.0, 9.5, 1.5 ] },
						"south": { "texture": "#meat", "uv": [ 12.0, 6.0, 15.0, 6.5 ] },
						"west": { "texture": "#meat", "uv": [ 11.0, 6.0, 11.5, 6.5 ] },
						"up": { "texture": "#meat", "uv": [ 13.0, 7.5, 16.0, 8.0 ] },
						"down": { "texture": "#meat", "uv": [ 9.0, 3.0, 12.0, 3.5 ] }
					}
				},
				{
					"name": "Cube6",
					"from": [ 4.5, 0.0, 0.5 ],
					"to": [ 5.0, 0.5, 1.5 ],
					"rotationOrigin": [ 1.0, 0.0, -1.0 ],
					"faces": {
						"north": { "texture": "#meat", "uv": [ 11.0, 3.0, 11.5, 3.5 ] },
						"east": { "texture": "#meat", "uv": [ 9.0, 1.0, 10.0, 1.5 ] },
						"south": { "texture": "#meat", "uv": [ 13.0, 2.0, 13.5, 2.5 ] },
						"up": { "texture": "#meat", "uv": [ 12.0, 3.0, 12.5, 4.0 ] },
						"down": { "texture": "#meat", "uv": [ 12.0, 3.0, 12.5, 4.0 ] }
					}
				},
				{
					"name": "Cube8",
					"from": [ -0.5, 0.0, 0.0 ],
					"to": [ 0.0, 0.5, 1.0 ],
					"rotationOrigin": [ 1.0, 0.0, -1.0 ],
					"faces": {
						"north": { "texture": "#meat", "uv": [ 9.0, 5.0, 9.5, 5.5 ] },
						"south": { "texture": "#meat", "uv": [ 12.0, 1.0, 12.5, 1.5 ] },
						"west": { "texture": "#meat", "uv": [ 13.0, 2.0, 14.0, 2.5 ] },
						"up": { "texture": "#meat", "uv": [ 13.0, 0.0, 13.5, 1.0 ] },
						"down": { "texture": "#meat", "uv": [ 9.0, 3.0, 9.5, 4.0 ] }
					}
				}
			]
		},
		{
			"name": "Cube49",
			"from": [ 4.0, 3.0, 11.0 ],
			"to": [ 10.0, 4.0, 12.5 ],
			"rotationOrigin": [ 4.0, 3.0, 11.0 ],
			"rotationX": 22.5,
			"faces": {
				"north": { "texture": "#meat", "uv": [ 10.0, 7.0, 14.5, 8.0 ] },
				"east": { "texture": "#meat", "uv": [ 10.0, 1.0, 11.5, 2.0 ] },
				"south": { "texture": "#meat", "uv": [ 10.0, 4.0, 14.5, 5.0 ] },
				"west": { "texture": "#meat", "uv": [ 12.0, 2.0, 13.5, 3.0 ] },
				"up": { "texture": "#meat", "uv": [ 9.0, 4.0, 13.5, 5.5 ] },
				"down": { "texture": "#meat", "uv": [ 9.0, 4.0, 13.5, 5.5 ] }
			},
			"children": [
				{
					"name": "Cube3",
					"from": [ -0.5, 0.0, 1.5 ],
					"to": [ 4.0, 1.0, 2.0 ],
					"rotationOrigin": [ 1.0, 0.0, -1.0 ],
					"faces": {
						"north": { "texture": "#meat", "uv": [ 11.0, 5.0, 15.5, 6.0 ] },
						"east": { "texture": "#meat", "uv": [ 15.0, 4.0, 15.5, 5.0 ] },
						"south": { "texture": "#meat", "uv": [ 11.0, 1.0, 15.5, 2.0 ] },
						"west": { "texture": "#meat", "uv": [ 12.0, 4.0, 12.5, 5.0 ] },
						"up": { "texture": "#meat", "uv": [ 8.0, 3.5, 12.5, 4.0 ] },
						"down": { "texture": "#meat", "uv": [ 11.0, 5.0, 15.5, 5.5 ] }
					}
				},
				{
					"name": "Cube4",
					"from": [ 0.0, 0.0, 2.0 ],
					"to": [ 4.5, 1.0, 2.5 ],
					"rotationOrigin": [ 1.0, 0.0, -1.0 ],
					"faces": {
						"north": { "texture": "#meat", "uv": [ 12.0, 0.0, 16.5, 1.0 ] },
						"east": { "texture": "#meat", "uv": [ 13.0, 2.0, 13.5, 3.0 ] },
						"south": { "texture": "#meat", "uv": [ 11.0, 1.0, 15.5, 2.0 ] },
						"west": { "texture": "#meat", "uv": [ 12.0, 2.0, 12.5, 3.0 ] },
						"up": { "texture": "#meat", "uv": [ 10.0, 4.0, 14.5, 4.5 ] },
						"down": { "texture": "#meat", "uv": [ 9.0, 0.0, 13.5, 0.5 ] }
					}
				},
				{
					"name": "Cube5",
					"from": [ 0.5, 0.0, -0.5 ],
					"to": [ 3.5, 1.0, 0.0 ],
					"rotationOrigin": [ 1.0, 0.0, -1.0 ],
					"faces": {
						"north": { "texture": "#meat", "uv": [ 12.0, 6.0, 15.0, 7.0 ] },
						"east": { "texture": "#meat", "uv": [ 11.0, 6.0, 11.5, 7.0 ] },
						"west": { "texture": "#meat", "uv": [ 14.0, 4.0, 14.5, 5.0 ] },
						"up": { "texture": "#meat", "uv": [ 10.0, 4.0, 13.0, 4.5 ] },
						"down": { "texture": "#meat", "uv": [ 10.0, 4.0, 13.0, 4.5 ] }
					}
				},
				{
					"name": "Cube7",
					"from": [ 0.5, 0.0, 2.5 ],
					"to": [ 3.5, 0.5, 3.0 ],
					"rotationOrigin": [ 1.0, 0.0, -1.0 ],
					"faces": {
						"east": { "texture": "#meat", "uv": [ 9.0, 1.0, 9.5, 1.5 ] },
						"south": { "texture": "#meat", "uv": [ 12.0, 6.0, 15.0, 6.5 ] },
						"west": { "texture": "#meat", "uv": [ 11.0, 6.0, 11.5, 6.5 ] },
						"up": { "texture": "#meat", "uv": [ 13.0, 7.5, 16.0, 8.0 ] },
						"down": { "texture": "#meat", "uv": [ 9.0, 3.0, 12.0, 3.5 ] }
					}
				},
				{
					"name": "Cube6",
					"from": [ 4.5, 0.0, 0.5 ],
					"to": [ 5.0, 0.5, 1.5 ],
					"rotationOrigin": [ 1.0, 0.0, -1.0 ],
					"faces": {
						"north": { "texture": "#meat", "uv": [ 11.0, 3.0, 11.5, 3.5 ] },
						"east": { "texture": "#meat", "uv": [ 9.0, 1.0, 10.0, 1.5 ] },
						"south": { "texture": "#meat", "uv": [ 13.0, 2.0, 13.5, 2.5 ] },
						"up": { "texture": "#meat", "uv": [ 12.0, 3.0, 12.5, 4.0 ] },
						"down": { "texture": "#meat", "uv": [ 12.0, 3.0, 12.5, 4.0 ] }
					}
				},
				{
					"name": "Cube8",
					"from": [ -0.5, 0.0, 0.0 ],
					"to": [ 0.0, 0.5, 1.0 ],
					"rotationOrigin": [ 1.0, 0.0, -1.0 ],
					"faces": {
						"north": { "texture": "#meat", "uv": [ 9.0, 5.0, 9.5, 5.5 ] },
						"south": { "texture": "#meat", "uv": [ 12.0, 1.0, 12.5, 1.5 ] },
						"west": { "texture": "#meat", "uv": [ 13.0, 2.0, 14.0, 2.5 ] },
						"up": { "texture": "#meat", "uv": [ 13.0, 0.0, 13.5, 1.0 ] },
						"down": { "texture": "#meat", "uv": [ 9.0, 3.0, 9.5, 4.0 ] }
					}
				}
			]
		},
		{
			"name": "Cube55",
			"from": [ 4.0, 3.0, 4.0 ],
			"to": [ 10.0, 4.0, 5.5 ],
			"rotationOrigin": [ 4.0, 3.0, 4.0 ],
			"faces": {
				"north": { "texture": "#meat", "uv": [ 10.0, 7.0, 14.5, 8.0 ] },
				"east": { "texture": "#meat", "uv": [ 10.0, 1.0, 11.5, 2.0 ] },
				"south": { "texture": "#meat", "uv": [ 10.0, 4.0, 14.5, 5.0 ] },
				"west": { "texture": "#meat", "uv": [ 12.0, 2.0, 13.5, 3.0 ] },
				"up": { "texture": "#meat", "uv": [ 9.0, 4.0, 13.5, 5.5 ] },
				"down": { "texture": "#meat", "uv": [ 9.0, 4.0, 13.5, 5.5 ] }
			},
			"children": [
				{
					"name": "Cube3",
					"from": [ -0.5, 0.0, 1.5 ],
					"to": [ 4.0, 1.0, 2.0 ],
					"rotationOrigin": [ 1.0, 0.0, -1.0 ],
					"faces": {
						"north": { "texture": "#meat", "uv": [ 11.0, 5.0, 15.5, 6.0 ] },
						"east": { "texture": "#meat", "uv": [ 15.0, 4.0, 15.5, 5.0 ] },
						"south": { "texture": "#meat", "uv": [ 11.0, 1.0, 15.5, 2.0 ] },
						"west": { "texture": "#meat", "uv": [ 12.0, 4.0, 12.5, 5.0 ] },
						"up": { "texture": "#meat", "uv": [ 8.0, 3.5, 12.5, 4.0 ] },
						"down": { "texture": "#meat", "uv": [ 11.0, 5.0, 15.5, 5.5 ] }
					}
				},
				{
					"name": "Cube4",
					"from": [ 0.0, 0.0, 2.0 ],
					"to": [ 4.5, 1.0, 2.5 ],
					"rotationOrigin": [ 1.0, 0.0, -1.0 ],
					"faces": {
						"north": { "texture": "#meat", "uv": [ 12.0, 0.0, 16.5, 1.0 ] },
						"east": { "texture": "#meat", "uv": [ 13.0, 2.0, 13.5, 3.0 ] },
						"south": { "texture": "#meat", "uv": [ 11.0, 1.0, 15.5, 2.0 ] },
						"west": { "texture": "#meat", "uv": [ 12.0, 2.0, 12.5, 3.0 ] },
						"up": { "texture": "#meat", "uv": [ 10.0, 4.0, 14.5, 4.5 ] },
						"down": { "texture": "#meat", "uv": [ 9.0, 0.0, 13.5, 0.5 ] }
					}
				},
				{
					"name": "Cube5",
					"from": [ 0.5, 0.0, -0.5 ],
					"to": [ 3.5, 1.0, 0.0 ],
					"rotationOrigin": [ 1.0, 0.0, -1.0 ],
					"faces": {
						"north": { "texture": "#meat", "uv": [ 12.0, 6.0, 15.0, 7.0 ] },
						"east": { "texture": "#meat", "uv": [ 11.0, 6.0, 11.5, 7.0 ] },
						"west": { "texture": "#meat", "uv": [ 14.0, 4.0, 14.5, 5.0 ] },
						"up": { "texture": "#meat", "uv": [ 10.0, 4.0, 13.0, 4.5 ] },
						"down": { "texture": "#meat", "uv": [ 10.0, 4.0, 13.0, 4.5 ] }
					}
				},
				{
					"name": "Cube7",
					"from": [ 0.5, 0.0, 2.5 ],
					"to": [ 3.5, 0.5, 3.0 ],
					"rotationOrigin": [ 1.0, 0.0, -1.0 ],
					"faces": {
						"east": { "texture": "#meat", "uv": [ 9.0, 1.0, 9.5, 1.5 ] },
						"south": { "texture": "#meat", "uv": [ 12.0, 6.0, 15.0, 6.5 ] },
						"west": { "texture": "#meat", "uv": [ 11.0, 6.0, 11.5, 6.5 ] },
						"up": { "texture": "#meat", "uv": [ 13.0, 7.5, 16.0, 8.0 ] },
						"down": { "texture": "#meat", "uv": [ 9.0, 3.0, 12.0, 3.5 ] }
					}
				},
				{
					"name": "Cube6",
					"from": [ 4.5, 0.0, 0.5 ],
					"to": [ 5.0, 0.5, 1.5 ],
					"rotationOrigin": [ 1.0, 0.0, -1.0 ],
					"faces": {
						"north": { "texture": "#meat", "uv": [ 11.0, 3.0, 11.5, 3.5 ] },
						"east": { "texture": "#meat", "uv": [ 9.0, 1.0, 10.0, 1.5 ] },
						"south": { "texture": "#meat", "uv": [ 13.0, 2.0, 13.5, 2.5 ] },
						"up": { "texture": "#meat", "uv": [ 12.0, 3.0, 12.5, 4.0 ] },
						"down": { "texture": "#meat", "uv": [ 12.0, 3.0, 12.5, 4.0 ] }
					}
				},
				{
					"name": "Cube8",
					"from": [ -0.5, 0.0, 0.0 ],
					"to": [ 0.0, 0.5, 1.0 ],
					"rotationOrigin": [ 1.0, 0.0, -1.0 ],
					"faces": {
						"north": { "texture": "#meat", "uv": [ 9.0, 5.0, 9.5, 5.5 ] },
						"south": { "texture": "#meat", "uv": [ 12.0, 1.0, 12.5, 1.5 ] },
						"west": { "texture": "#meat", "uv": [ 13.0, 2.0, 14.0, 2.5 ] },
						"up": { "texture": "#meat", "uv": [ 13.0, 0.0, 13.5, 1.0 ] },
						"down": { "texture": "#meat", "uv": [ 9.0, 3.0, 9.5, 4.0 ] }
					}
				}
			]
		},
		{
			"name": "Cube61",
			"from": [ 9.0, 5.0, 5.0 ],
			"to": [ 15.0, 6.0, 6.5 ],
			"rotationOrigin": [ 9.0, 5.0, 5.0 ],
			"rotationZ": -67.5,
			"faces": {
				"north": { "texture": "#meat", "uv": [ 10.0, 7.0, 14.5, 8.0 ] },
				"east": { "texture": "#meat", "uv": [ 10.0, 1.0, 11.5, 2.0 ] },
				"south": { "texture": "#meat", "uv": [ 10.0, 4.0, 14.5, 5.0 ] },
				"west": { "texture": "#meat", "uv": [ 12.0, 2.0, 13.5, 3.0 ] },
				"up": { "texture": "#meat", "uv": [ 9.0, 4.0, 13.5, 5.5 ] },
				"down": { "texture": "#meat", "uv": [ 9.0, 4.0, 13.5, 5.5 ] }
			},
			"children": [
				{
					"name": "Cube3",
					"from": [ -0.5, 0.0, 1.5 ],
					"to": [ 4.0, 1.0, 2.0 ],
					"rotationOrigin": [ 1.0, 0.0, -1.0 ],
					"faces": {
						"north": { "texture": "#meat", "uv": [ 11.0, 5.0, 15.5, 6.0 ] },
						"east": { "texture": "#meat", "uv": [ 15.0, 4.0, 15.5, 5.0 ] },
						"south": { "texture": "#meat", "uv": [ 11.0, 1.0, 15.5, 2.0 ] },
						"west": { "texture": "#meat", "uv": [ 12.0, 4.0, 12.5, 5.0 ] },
						"up": { "texture": "#meat", "uv": [ 8.0, 3.5, 12.5, 4.0 ] },
						"down": { "texture": "#meat", "uv": [ 11.0, 5.0, 15.5, 5.5 ] }
					}
				},
				{
					"name": "Cube4",
					"from": [ 0.0, 0.0, 2.0 ],
					"to": [ 4.5, 1.0, 2.5 ],
					"rotationOrigin": [ 1.0, 0.0, -1.0 ],
					"faces": {
						"north": { "texture": "#meat", "uv": [ 12.0, 0.0, 16.5, 1.0 ] },
						"east": { "texture": "#meat", "uv": [ 13.0, 2.0, 13.5, 3.0 ] },
						"south": { "texture": "#meat", "uv": [ 11.0, 1.0, 15.5, 2.0 ] },
						"west": { "texture": "#meat", "uv": [ 12.0, 2.0, 12.5, 3.0 ] },
						"up": { "texture": "#meat", "uv": [ 10.0, 4.0, 14.5, 4.5 ] },
						"down": { "texture": "#meat", "uv": [ 9.0, 0.0, 13.5, 0.5 ] }
					}
				},
				{
					"name": "Cube5",
					"from": [ 0.5, 0.0, -0.5 ],
					"to": [ 3.5, 1.0, 0.0 ],
					"rotationOrigin": [ 1.0, 0.0, -1.0 ],
					"faces": {
						"north": { "texture": "#meat", "uv": [ 12.0, 6.0, 15.0, 7.0 ] },
						"east": { "texture": "#meat", "uv": [ 11.0, 6.0, 11.5, 7.0 ] },
						"west": { "texture": "#meat", "uv": [ 14.0, 4.0, 14.5, 5.0 ] },
						"up": { "texture": "#meat", "uv": [ 10.0, 4.0, 13.0, 4.5 ] },
						"down": { "texture": "#meat", "uv": [ 10.0, 4.0, 13.0, 4.5 ] }
					}
				},
				{
					"name": "Cube7",
					"from": [ 0.5, 0.0, 2.5 ],
					"to": [ 3.5, 0.5, 3.0 ],
					"rotationOrigin": [ 1.0, 0.0, -1.0 ],
					"faces": {
						"east": { "texture": "#meat", "uv": [ 9.0, 1.0, 9.5, 1.5 ] },
						"south": { "texture": "#meat", "uv": [ 12.0, 6.0, 15.0, 6.5 ] },
						"west": { "texture": "#meat", "uv": [ 11.0, 6.0, 11.5, 6.5 ] },
						"up": { "texture": "#meat", "uv": [ 13.0, 7.5, 16.0, 8.0 ] },
						"down": { "texture": "#meat", "uv": [ 9.0, 3.0, 12.0, 3.5 ] }
					}
				},
				{
					"name": "Cube6",
					"from": [ 4.5, 0.0, 0.5 ],
					"to": [ 5.0, 0.5, 1.5 ],
					"rotationOrigin": [ 1.0, 0.0, -1.0 ],
					"faces": {
						"north": { "texture": "#meat", "uv": [ 11.0, 3.0, 11.5, 3.5 ] },
						"east": { "texture": "#meat", "uv": [ 9.0, 1.0, 10.0, 1.5 ] },
						"south": { "texture": "#meat", "uv": [ 13.0, 2.0, 13.5, 2.5 ] },
						"up": { "texture": "#meat", "uv": [ 12.0, 3.0, 12.5, 4.0 ] },
						"down": { "texture": "#meat", "uv": [ 12.0, 3.0, 12.5, 4.0 ] }
					}
				},
				{
					"name": "Cube8",
					"from": [ -0.5, 0.0, 0.0 ],
					"to": [ 0.0, 0.5, 1.0 ],
					"rotationOrigin": [ 1.0, 0.0, -1.0 ],
					"faces": {
						"north": { "texture": "#meat", "uv": [ 9.0, 5.0, 9.5, 5.5 ] },
						"south": { "texture": "#meat", "uv": [ 12.0, 1.0, 12.5, 1.5 ] },
						"west": { "texture": "#meat", "uv": [ 13.0, 2.0, 14.0, 2.5 ] },
						"up": { "texture": "#meat", "uv": [ 13.0, 0.0, 13.5, 1.0 ] },
						"down": { "texture": "#meat", "uv": [ 9.0, 3.0, 9.5, 4.0 ] }
					}
				}
			]
		},
		{
			"name": "Cube67",
			"from": [ 9.0, 5.0, 9.0 ],
			"to": [ 15.0, 6.0, 10.5 ],
			"rotationOrigin": [ 9.0, 5.0, 9.0 ],
			"rotationZ": -67.5,
			"faces": {
				"north": { "texture": "#meat", "uv": [ 10.0, 7.0, 14.5, 8.0 ] },
				"east": { "texture": "#meat", "uv": [ 10.0, 1.0, 11.5, 2.0 ] },
				"south": { "texture": "#meat", "uv": [ 10.0, 4.0, 14.5, 5.0 ] },
				"west": { "texture": "#meat", "uv": [ 12.0, 2.0, 13.5, 3.0 ] },
				"up": { "texture": "#meat", "uv": [ 9.0, 4.0, 13.5, 5.5 ] },
				"down": { "texture": "#meat", "uv": [ 9.0, 4.0, 13.5, 5.5 ] }
			},
			"children": [
				{
					"name": "Cube3",
					"from": [ -0.5, 0.0, 1.5 ],
					"to": [ 4.0, 1.0, 2.0 ],
					"rotationOrigin": [ 1.0, 0.0, -1.0 ],
					"faces": {
						"north": { "texture": "#meat", "uv": [ 11.0, 5.0, 15.5, 6.0 ] },
						"east": { "texture": "#meat", "uv": [ 15.0, 4.0, 15.5, 5.0 ] },
						"south": { "texture": "#meat", "uv": [ 11.0, 1.0, 15.5, 2.0 ] },
						"west": { "texture": "#meat", "uv": [ 12.0, 4.0, 12.5, 5.0 ] },
						"up": { "texture": "#meat", "uv": [ 8.0, 3.5, 12.5, 4.0 ] },
						"down": { "texture": "#meat", "uv": [ 11.0, 5.0, 15.5, 5.5 ] }
					}
				},
				{
					"name": "Cube4",
					"from": [ 0.0, 0.0, 2.0 ],
					"to": [ 4.5, 1.0, 2.5 ],
					"rotationOrigin": [ 1.0, 0.0, -1.0 ],
					"faces": {
						"north": { "texture": "#meat", "uv": [ 12.0, 0.0, 16.5, 1.0 ] },
						"east": { "texture": "#meat", "uv": [ 13.0, 2.0, 13.5, 3.0 ] },
						"south": { "texture": "#meat", "uv": [ 11.0, 1.0, 15.5, 2.0 ] },
						"west": { "texture": "#meat", "uv": [ 12.0, 2.0, 12.5, 3.0 ] },
						"up": { "texture": "#meat", "uv": [ 10.0, 4.0, 14.5, 4.5 ] },
						"down": { "texture": "#meat", "uv": [ 9.0, 0.0, 13.5, 0.5 ] }
					}
				},
				{
					"name": "Cube5",
					"from": [ 0.5, 0.0, -0.5 ],
					"to": [ 3.5, 1.0, 0.0 ],
					"rotationOrigin": [ 1.0, 0.0, -1.0 ],
					"faces": {
						"north": { "texture": "#meat", "uv": [ 12.0, 6.0, 15.0, 7.0 ] },
						"east": { "texture": "#meat", "uv": [ 11.0, 6.0, 11.5, 7.0 ] },
						"west": { "texture": "#meat", "uv": [ 14.0, 4.0, 14.5, 5.0 ] },
						"up": { "texture": "#meat", "uv": [ 10.0, 4.0, 13.0, 4.5 ] },
						"down": { "texture": "#meat", "uv": [ 10.0, 4.0, 13.0, 4.5 ] }
					}
				},
				{
					"name": "Cube7",
					"from": [ 0.5, 0.0, 2.5 ],
					"to": [ 3.5, 0.5, 3.0 ],
					"rotationOrigin": [ 1.0, 0.0, -1.0 ],
					"faces": {
						"east": { "texture": "#meat", "uv": [ 9.0, 1.0, 9.5, 1.5 ] },
						"south": { "texture": "#meat", "uv": [ 12.0, 6.0, 15.0, 6.5 ] },
						"west": { "texture": "#meat", "uv": [ 11.0, 6.0, 11.5, 6.5 ] },
						"up": { "texture": "#meat", "uv": [ 13.0, 7.5, 16.0, 8.0 ] },
						"down": { "texture": "#meat", "uv": [ 9.0, 3.0, 12.0, 3.5 ] }
					}
				},
				{
					"name": "Cube6",
					"from": [ 4.5, 0.0, 0.5 ],
					"to": [ 5.0, 0.5, 1.5 ],
					"rotationOrigin": [ 1.0, 0.0, -1.0 ],
					"faces": {
						"north": { "texture": "#meat", "uv": [ 11.0, 3.0, 11.5, 3.5 ] },
						"east": { "texture": "#meat", "uv": [ 9.0, 1.0, 10.0, 1.5 ] },
						"south": { "texture": "#meat", "uv": [ 13.0, 2.0, 13.5, 2.5 ] },
						"up": { "texture": "#meat", "uv": [ 12.0, 3.0, 12.5, 4.0 ] },
						"down": { "texture": "#meat", "uv": [ 12.0, 3.0, 12.5, 4.0 ] }
					}
				},
				{
					"name": "Cube8",
					"from": [ -0.5, 0.0, 0.0 ],
					"to": [ 0.0, 0.5, 1.0 ],
					"rotationOrigin": [ 1.0, 0.0, -1.0 ],
					"faces": {
						"north": { "texture": "#meat", "uv": [ 9.0, 5.0, 9.5, 5.5 ] },
						"south": { "texture": "#meat", "uv": [ 12.0, 1.0, 12.5, 1.5 ] },
						"west": { "texture": "#meat", "uv": [ 13.0, 2.0, 14.0, 2.5 ] },
						"up": { "texture": "#meat", "uv": [ 13.0, 0.0, 13.5, 1.0 ] },
						"down": { "texture": "#meat", "uv": [ 9.0, 3.0, 9.5, 4.0 ] }
					}
				}
			]
		},
		{
			"name": "Cube73",
			"from": [ 9.0, 5.0, 12.0 ],
			"to": [ 15.0, 6.0, 13.5 ],
			"rotationOrigin": [ 9.0, 5.0, 12.0 ],
			"rotationY": -45.0,
			"rotationZ": -67.5,
			"faces": {
				"north": { "texture": "#meat", "uv": [ 10.0, 7.0, 14.5, 8.0 ] },
				"east": { "texture": "#meat", "uv": [ 10.0, 1.0, 11.5, 2.0 ] },
				"south": { "texture": "#meat", "uv": [ 10.0, 4.0, 14.5, 5.0 ] },
				"west": { "texture": "#meat", "uv": [ 12.0, 2.0, 13.5, 3.0 ] },
				"up": { "texture": "#meat", "uv": [ 9.0, 4.0, 13.5, 5.5 ] },
				"down": { "texture": "#meat", "uv": [ 9.0, 4.0, 13.5, 5.5 ] }
			},
			"children": [
				{
					"name": "Cube3",
					"from": [ -0.5, 0.0, 1.5 ],
					"to": [ 4.0, 1.0, 2.0 ],
					"rotationOrigin": [ 1.0, 0.0, -1.0 ],
					"faces": {
						"north": { "texture": "#meat", "uv": [ 11.0, 5.0, 15.5, 6.0 ] },
						"east": { "texture": "#meat", "uv": [ 15.0, 4.0, 15.5, 5.0 ] },
						"south": { "texture": "#meat", "uv": [ 11.0, 1.0, 15.5, 2.0 ] },
						"west": { "texture": "#meat", "uv": [ 12.0, 4.0, 12.5, 5.0 ] },
						"up": { "texture": "#meat", "uv": [ 8.0, 3.5, 12.5, 4.0 ] },
						"down": { "texture": "#meat", "uv": [ 11.0, 5.0, 15.5, 5.5 ] }
					}
				},
				{
					"name": "Cube4",
					"from": [ 0.0, 0.0, 2.0 ],
					"to": [ 4.5, 1.0, 2.5 ],
					"rotationOrigin": [ 1.0, 0.0, -1.0 ],
					"faces": {
						"north": { "texture": "#meat", "uv": [ 12.0, 0.0, 16.5, 1.0 ] },
						"east": { "texture": "#meat", "uv": [ 13.0, 2.0, 13.5, 3.0 ] },
						"south": { "texture": "#meat", "uv": [ 11.0, 1.0, 15.5, 2.0 ] },
						"west": { "texture": "#meat", "uv": [ 12.0, 2.0, 12.5, 3.0 ] },
						"up": { "texture": "#meat", "uv": [ 10.0, 4.0, 14.5, 4.5 ] },
						"down": { "texture": "#meat", "uv": [ 9.0, 0.0, 13.5, 0.5 ] }
					}
				},
				{
					"name": "Cube5",
					"from": [ 0.5, 0.0, -0.5 ],
					"to": [ 3.5, 1.0, 0.0 ],
					"rotationOrigin": [ 1.0, 0.0, -1.0 ],
					"faces": {
						"north": { "texture": "#meat", "uv": [ 12.0, 6.0, 15.0, 7.0 ] },
						"east": { "texture": "#meat", "uv": [ 11.0, 6.0, 11.5, 7.0 ] },
						"west": { "texture": "#meat", "uv": [ 14.0, 4.0, 14.5, 5.0 ] },
						"up": { "texture": "#meat", "uv": [ 10.0, 4.0, 13.0, 4.5 ] },
						"down": { "texture": "#meat", "uv": [ 10.0, 4.0, 13.0, 4.5 ] }
					}
				},
				{
					"name": "Cube7",
					"from": [ 0.5, 0.0, 2.5 ],
					"to": [ 3.5, 0.5, 3.0 ],
					"rotationOrigin": [ 1.0, 0.0, -1.0 ],
					"faces": {
						"east": { "texture": "#meat", "uv": [ 9.0, 1.0, 9.5, 1.5 ] },
						"south": { "texture": "#meat", "uv": [ 12.0, 6.0, 15.0, 6.5 ] },
						"west": { "texture": "#meat", "uv": [ 11.0, 6.0, 11.5, 6.5 ] },
						"up": { "texture": "#meat", "uv": [ 13.0, 7.5, 16.0, 8.0 ] },
						"down": { "texture": "#meat", "uv": [ 9.0, 3.0, 12.0, 3.5 ] }
					}
				},
				{
					"name": "Cube6",
					"from": [ 4.5, 0.0, 0.5 ],
					"to": [ 5.0, 0.5, 1.5 ],
					"rotationOrigin": [ 1.0, 0.0, -1.0 ],
					"faces": {
						"north": { "texture": "#meat", "uv": [ 11.0, 3.0, 11.5, 3.5 ] },
						"east": { "texture": "#meat", "uv": [ 9.0, 1.0, 10.0, 1.5 ] },
						"south": { "texture": "#meat", "uv": [ 13.0, 2.0, 13.5, 2.5 ] },
						"up": { "texture": "#meat", "uv": [ 12.0, 3.0, 12.5, 4.0 ] },
						"down": { "texture": "#meat", "uv": [ 12.0, 3.0, 12.5, 4.0 ] }
					}
				},
				{
					"name": "Cube8",
					"from": [ -0.5, 0.0, 0.0 ],
					"to": [ 0.0, 0.5, 1.0 ],
					"rotationOrigin": [ 1.0, 0.0, -1.0 ],
					"faces": {
						"north": { "texture": "#meat", "uv": [ 9.0, 5.0, 9.5, 5.5 ] },
						"south": { "texture": "#meat", "uv": [ 12.0, 1.0, 12.5, 1.5 ] },
						"west": { "texture": "#meat", "uv": [ 13.0, 2.0, 14.0, 2.5 ] },
						"up": { "texture": "#meat", "uv": [ 13.0, 0.0, 13.5, 1.0 ] },
						"down": { "texture": "#meat", "uv": [ 9.0, 3.0, 9.5, 4.0 ] }
					}
				}
			]
		},
		{
			"name": "Cube79",
			"from": [ 8.0, 5.0, 13.0 ],
			"to": [ 14.0, 6.0, 14.5 ],
			"rotationOrigin": [ 8.0, 5.0, 13.0 ],
			"rotationY": -90.0,
			"rotationZ": -67.5,
			"faces": {
				"north": { "texture": "#meat", "uv": [ 10.0, 7.0, 14.5, 8.0 ] },
				"east": { "texture": "#meat", "uv": [ 10.0, 1.0, 11.5, 2.0 ] },
				"south": { "texture": "#meat", "uv": [ 10.0, 4.0, 14.5, 5.0 ] },
				"west": { "texture": "#meat", "uv": [ 12.0, 2.0, 13.5, 3.0 ] },
				"up": { "texture": "#meat", "uv": [ 9.0, 4.0, 13.5, 5.5 ] },
				"down": { "texture": "#meat", "uv": [ 9.0, 4.0, 13.5, 5.5 ] }
			},
			"children": [
				{
					"name": "Cube3",
					"from": [ -0.5, 0.0, 1.5 ],
					"to": [ 4.0, 1.0, 2.0 ],
					"rotationOrigin": [ 1.0, 0.0, -1.0 ],
					"faces": {
						"north": { "texture": "#meat", "uv": [ 11.0, 5.0, 15.5, 6.0 ] },
						"east": { "texture": "#meat", "uv": [ 15.0, 4.0, 15.5, 5.0 ] },
						"south": { "texture": "#meat", "uv": [ 11.0, 1.0, 15.5, 2.0 ] },
						"west": { "texture": "#meat", "uv": [ 12.0, 4.0, 12.5, 5.0 ] },
						"up": { "texture": "#meat", "uv": [ 8.0, 3.5, 12.5, 4.0 ] },
						"down": { "texture": "#meat", "uv": [ 11.0, 5.0, 15.5, 5.5 ] }
					}
				},
				{
					"name": "Cube4",
					"from": [ 0.0, 0.0, 2.0 ],
					"to": [ 4.5, 1.0, 2.5 ],
					"rotationOrigin": [ 1.0, 0.0, -1.0 ],
					"faces": {
						"north": { "texture": "#meat", "uv": [ 12.0, 0.0, 16.5, 1.0 ] },
						"east": { "texture": "#meat", "uv": [ 13.0, 2.0, 13.5, 3.0 ] },
						"south": { "texture": "#meat", "uv": [ 11.0, 1.0, 15.5, 2.0 ] },
						"west": { "texture": "#meat", "uv": [ 12.0, 2.0, 12.5, 3.0 ] },
						"up": { "texture": "#meat", "uv": [ 10.0, 4.0, 14.5, 4.5 ] },
						"down": { "texture": "#meat", "uv": [ 9.0, 0.0, 13.5, 0.5 ] }
					}
				},
				{
					"name": "Cube5",
					"from": [ 0.5, 0.0, -0.5 ],
					"to": [ 3.5, 1.0, 0.0 ],
					"rotationOrigin": [ 1.0, 0.0, -1.0 ],
					"faces": {
						"north": { "texture": "#meat", "uv": [ 12.0, 6.0, 15.0, 7.0 ] },
						"east": { "texture": "#meat", "uv": [ 11.0, 6.0, 11.5, 7.0 ] },
						"west": { "texture": "#meat", "uv": [ 14.0, 4.0, 14.5, 5.0 ] },
						"up": { "texture": "#meat", "uv": [ 10.0, 4.0, 13.0, 4.5 ] },
						"down": { "texture": "#meat", "uv": [ 10.0, 4.0, 13.0, 4.5 ] }
					}
				},
				{
					"name": "Cube7",
					"from": [ 0.5, 0.0, 2.5 ],
					"to": [ 3.5, 0.5, 3.0 ],
					"rotationOrigin": [ 1.0, 0.0, -1.0 ],
					"faces": {
						"east": { "texture": "#meat", "uv": [ 9.0, 1.0, 9.5, 1.5 ] },
						"south": { "texture": "#meat", "uv": [ 12.0, 6.0, 15.0, 6.5 ] },
						"west": { "texture": "#meat", "uv": [ 11.0, 6.0, 11.5, 6.5 ] },
						"up": { "texture": "#meat", "uv": [ 13.0, 7.5, 16.0, 8.0 ] },
						"down": { "texture": "#meat", "uv": [ 9.0, 3.0, 12.0, 3.5 ] }
					}
				},
				{
					"name": "Cube6",
					"from": [ 4.5, 0.0, 0.5 ],
					"to": [ 5.0, 0.5, 1.5 ],
					"rotationOrigin": [ 1.0, 0.0, -1.0 ],
					"faces": {
						"north": { "texture": "#meat", "uv": [ 11.0, 3.0, 11.5, 3.5 ] },
						"east": { "texture": "#meat", "uv": [ 9.0, 1.0, 10.0, 1.5 ] },
						"south": { "texture": "#meat", "uv": [ 13.0, 2.0, 13.5, 2.5 ] },
						"up": { "texture": "#meat", "uv": [ 12.0, 3.0, 12.5, 4.0 ] },
						"down": { "texture": "#meat", "uv": [ 12.0, 3.0, 12.5, 4.0 ] }
					}
				},
				{
					"name": "Cube8",
					"from": [ -0.5, 0.0, 0.0 ],
					"to": [ 0.0, 0.5, 1.0 ],
					"rotationOrigin": [ 1.0, 0.0, -1.0 ],
					"faces": {
						"north": { "texture": "#meat", "uv": [ 9.0, 5.0, 9.5, 5.5 ] },
						"south": { "texture": "#meat", "uv": [ 12.0, 1.0, 12.5, 1.5 ] },
						"west": { "texture": "#meat", "uv": [ 13.0, 2.0, 14.0, 2.5 ] },
						"up": { "texture": "#meat", "uv": [ 13.0, 0.0, 13.5, 1.0 ] },
						"down": { "texture": "#meat", "uv": [ 9.0, 3.0, 9.5, 4.0 ] }
					}
				}
			]
		},
		{
			"name": "Cube85",
			"from": [ 2.7, -0.6, 12.0 ],
			"to": [ 8.7, 0.4, 13.5 ],
			"rotationOrigin": [ 2.7, -0.6, 12.0 ],
			"rotationY": 22.5,
			"rotationZ": 67.5,
			"faces": {
				"north": { "texture": "#meat", "uv": [ 10.0, 7.0, 14.5, 8.0 ] },
				"east": { "texture": "#meat", "uv": [ 10.0, 1.0, 11.5, 2.0 ] },
				"south": { "texture": "#meat", "uv": [ 10.0, 4.0, 14.5, 5.0 ] },
				"west": { "texture": "#meat", "uv": [ 12.0, 2.0, 13.5, 3.0 ] },
				"up": { "texture": "#meat", "uv": [ 9.0, 4.0, 13.5, 5.5 ] },
				"down": { "texture": "#meat", "uv": [ 9.0, 4.0, 13.5, 5.5 ] }
			},
			"children": [
				{
					"name": "Cube3",
					"from": [ -0.5, 0.0, 1.5 ],
					"to": [ 4.0, 1.0, 2.0 ],
					"rotationOrigin": [ 1.0, 0.0, -1.0 ],
					"faces": {
						"north": { "texture": "#meat", "uv": [ 11.0, 5.0, 15.5, 6.0 ] },
						"east": { "texture": "#meat", "uv": [ 15.0, 4.0, 15.5, 5.0 ] },
						"south": { "texture": "#meat", "uv": [ 11.0, 1.0, 15.5, 2.0 ] },
						"west": { "texture": "#meat", "uv": [ 12.0, 4.0, 12.5, 5.0 ] },
						"up": { "texture": "#meat", "uv": [ 8.0, 3.5, 12.5, 4.0 ] },
						"down": { "texture": "#meat", "uv": [ 11.0, 5.0, 15.5, 5.5 ] }
					}
				},
				{
					"name": "Cube4",
					"from": [ 0.0, 0.0, 2.0 ],
					"to": [ 4.5, 1.0, 2.5 ],
					"rotationOrigin": [ 1.0, 0.0, -1.0 ],
					"faces": {
						"north": { "texture": "#meat", "uv": [ 12.0, 0.0, 16.5, 1.0 ] },
						"east": { "texture": "#meat", "uv": [ 13.0, 2.0, 13.5, 3.0 ] },
						"south": { "texture": "#meat", "uv": [ 11.0, 1.0, 15.5, 2.0 ] },
						"west": { "texture": "#meat", "uv": [ 12.0, 2.0, 12.5, 3.0 ] },
						"up": { "texture": "#meat", "uv": [ 10.0, 4.0, 14.5, 4.5 ] },
						"down": { "texture": "#meat", "uv": [ 9.0, 0.0, 13.5, 0.5 ] }
					}
				},
				{
					"name": "Cube5",
					"from": [ 0.5, 0.0, -0.5 ],
					"to": [ 3.5, 1.0, 0.0 ],
					"rotationOrigin": [ 1.0, 0.0, -1.0 ],
					"faces": {
						"north": { "texture": "#meat", "uv": [ 12.0, 6.0, 15.0, 7.0 ] },
						"east": { "texture": "#meat", "uv": [ 11.0, 6.0, 11.5, 7.0 ] },
						"west": { "texture": "#meat", "uv": [ 14.0, 4.0, 14.5, 5.0 ] },
						"up": { "texture": "#meat", "uv": [ 10.0, 4.0, 13.0, 4.5 ] },
						"down": { "texture": "#meat", "uv": [ 10.0, 4.0, 13.0, 4.5 ] }
					}
				},
				{
					"name": "Cube7",
					"from": [ 0.5, 0.0, 2.5 ],
					"to": [ 3.5, 0.5, 3.0 ],
					"rotationOrigin": [ 1.0, 0.0, -1.0 ],
					"faces": {
						"east": { "texture": "#meat", "uv": [ 9.0, 1.0, 9.5, 1.5 ] },
						"south": { "texture": "#meat", "uv": [ 12.0, 6.0, 15.0, 6.5 ] },
						"west": { "texture": "#meat", "uv": [ 11.0, 6.0, 11.5, 6.5 ] },
						"up": { "texture": "#meat", "uv": [ 13.0, 7.5, 16.0, 8.0 ] },
						"down": { "texture": "#meat", "uv": [ 9.0, 3.0, 12.0, 3.5 ] }
					}
				},
				{
					"name": "Cube6",
					"from": [ 4.5, 0.0, 0.5 ],
					"to": [ 5.0, 0.5, 1.5 ],
					"rotationOrigin": [ 1.0, 0.0, -1.0 ],
					"faces": {
						"north": { "texture": "#meat", "uv": [ 11.0, 3.0, 11.5, 3.5 ] },
						"east": { "texture": "#meat", "uv": [ 9.0, 1.0, 10.0, 1.5 ] },
						"south": { "texture": "#meat", "uv": [ 13.0, 2.0, 13.5, 2.5 ] },
						"up": { "texture": "#meat", "uv": [ 12.0, 3.0, 12.5, 4.0 ] },
						"down": { "texture": "#meat", "uv": [ 12.0, 3.0, 12.5, 4.0 ] }
					}
				},
				{
					"name": "Cube8",
					"from": [ -0.5, 0.0, 0.0 ],
					"to": [ 0.0, 0.5, 1.0 ],
					"rotationOrigin": [ 1.0, 0.0, -1.0 ],
					"faces": {
						"north": { "texture": "#meat", "uv": [ 9.0, 5.0, 9.5, 5.5 ] },
						"south": { "texture": "#meat", "uv": [ 12.0, 1.0, 12.5, 1.5 ] },
						"west": { "texture": "#meat", "uv": [ 13.0, 2.0, 14.0, 2.5 ] },
						"up": { "texture": "#meat", "uv": [ 13.0, 0.0, 13.5, 1.0 ] },
						"down": { "texture": "#meat", "uv": [ 9.0, 3.0, 9.5, 4.0 ] }
					}
				}
			]
		},
		{
			"name": "Cube91",
			"from": [ 3.0, -0.5, 9.0 ],
			"to": [ 9.0, 0.5, 10.5 ],
			"rotationOrigin": [ 3.0, -0.5, 9.0 ],
			"rotationZ": 67.5,
			"faces": {
				"north": { "texture": "#meat", "uv": [ 10.0, 7.0, 14.5, 8.0 ] },
				"east": { "texture": "#meat", "uv": [ 10.0, 1.0, 11.5, 2.0 ] },
				"south": { "texture": "#meat", "uv": [ 10.0, 4.0, 14.5, 5.0 ] },
				"west": { "texture": "#meat", "uv": [ 12.0, 2.0, 13.5, 3.0 ] },
				"up": { "texture": "#meat", "uv": [ 9.0, 4.0, 13.5, 5.5 ] },
				"down": { "texture": "#meat", "uv": [ 9.0, 4.0, 13.5, 5.5 ] }
			},
			"children": [
				{
					"name": "Cube3",
					"from": [ -0.5, 0.0, 1.5 ],
					"to": [ 4.0, 1.0, 2.0 ],
					"rotationOrigin": [ 1.0, 0.0, -1.0 ],
					"faces": {
						"north": { "texture": "#meat", "uv": [ 11.0, 5.0, 15.5, 6.0 ] },
						"east": { "texture": "#meat", "uv": [ 15.0, 4.0, 15.5, 5.0 ] },
						"south": { "texture": "#meat", "uv": [ 11.0, 1.0, 15.5, 2.0 ] },
						"west": { "texture": "#meat", "uv": [ 12.0, 4.0, 12.5, 5.0 ] },
						"up": { "texture": "#meat", "uv": [ 8.0, 3.5, 12.5, 4.0 ] },
						"down": { "texture": "#meat", "uv": [ 11.0, 5.0, 15.5, 5.5 ] }
					}
				},
				{
					"name": "Cube4",
					"from": [ 0.0, 0.0, 2.0 ],
					"to": [ 4.5, 1.0, 2.5 ],
					"rotationOrigin": [ 1.0, 0.0, -1.0 ],
					"faces": {
						"north": { "texture": "#meat", "uv": [ 12.0, 0.0, 16.5, 1.0 ] },
						"east": { "texture": "#meat", "uv": [ 13.0, 2.0, 13.5, 3.0 ] },
						"south": { "texture": "#meat", "uv": [ 11.0, 1.0, 15.5, 2.0 ] },
						"west": { "texture": "#meat", "uv": [ 12.0, 2.0, 12.5, 3.0 ] },
						"up": { "texture": "#meat", "uv": [ 10.0, 4.0, 14.5, 4.5 ] },
						"down": { "texture": "#meat", "uv": [ 9.0, 0.0, 13.5, 0.5 ] }
					}
				},
				{
					"name": "Cube5",
					"from": [ 0.5, 0.0, -0.5 ],
					"to": [ 3.5, 1.0, 0.0 ],
					"rotationOrigin": [ 1.0, 0.0, -1.0 ],
					"faces": {
						"north": { "texture": "#meat", "uv": [ 12.0, 6.0, 15.0, 7.0 ] },
						"east": { "texture": "#meat", "uv": [ 11.0, 6.0, 11.5, 7.0 ] },
						"west": { "texture": "#meat", "uv": [ 14.0, 4.0, 14.5, 5.0 ] },
						"up": { "texture": "#meat", "uv": [ 10.0, 4.0, 13.0, 4.5 ] },
						"down": { "texture": "#meat", "uv": [ 10.0, 4.0, 13.0, 4.5 ] }
					}
				},
				{
					"name": "Cube7",
					"from": [ 0.5, 0.0, 2.5 ],
					"to": [ 3.5, 0.5, 3.0 ],
					"rotationOrigin": [ 1.0, 0.0, -1.0 ],
					"faces": {
						"east": { "texture": "#meat", "uv": [ 9.0, 1.0, 9.5, 1.5 ] },
						"south": { "texture": "#meat", "uv": [ 12.0, 6.0, 15.0, 6.5 ] },
						"west": { "texture": "#meat", "uv": [ 11.0, 6.0, 11.5, 6.5 ] },
						"up": { "texture": "#meat", "uv": [ 13.0, 7.5, 16.0, 8.0 ] },
						"down": { "texture": "#meat", "uv": [ 9.0, 3.0, 12.0, 3.5 ] }
					}
				},
				{
					"name": "Cube6",
					"from": [ 4.5, 0.0, 0.5 ],
					"to": [ 5.0, 0.5, 1.5 ],
					"rotationOrigin": [ 1.0, 0.0, -1.0 ],
					"faces": {
						"north": { "texture": "#meat", "uv": [ 11.0, 3.0, 11.5, 3.5 ] },
						"east": { "texture": "#meat", "uv": [ 9.0, 1.0, 10.0, 1.5 ] },
						"south": { "texture": "#meat", "uv": [ 13.0, 2.0, 13.5, 2.5 ] },
						"up": { "texture": "#meat", "uv": [ 12.0, 3.0, 12.5, 4.0 ] },
						"down": { "texture": "#meat", "uv": [ 12.0, 3.0, 12.5, 4.0 ] }
					}
				},
				{
					"name": "Cube8",
					"from": [ -0.5, 0.0, 0.0 ],
					"to": [ 0.0, 0.5, 1.0 ],
					"rotationOrigin": [ 1.0, 0.0, -1.0 ],
					"faces": {
						"north": { "texture": "#meat", "uv": [ 9.0, 5.0, 9.5, 5.5 ] },
						"south": { "texture": "#meat", "uv": [ 12.0, 1.0, 12.5, 1.5 ] },
						"west": { "texture": "#meat", "uv": [ 13.0, 2.0, 14.0, 2.5 ] },
						"up": { "texture": "#meat", "uv": [ 13.0, 0.0, 13.5, 1.0 ] },
						"down": { "texture": "#meat", "uv": [ 9.0, 3.0, 9.5, 4.0 ] }
					}
				}
			]
		},
		{
			"name": "Cube97",
			"from": [ 3.4, -0.4, 6.0 ],
			"to": [ 9.4, 0.6, 7.5 ],
			"rotationOrigin": [ 3.4, -0.4, 6.0 ],
			"rotationZ": 67.5,
			"faces": {
				"north": { "texture": "#meat", "uv": [ 10.0, 7.0, 14.5, 8.0 ] },
				"east": { "texture": "#meat", "uv": [ 10.0, 1.0, 11.5, 2.0 ] },
				"south": { "texture": "#meat", "uv": [ 10.0, 4.0, 14.5, 5.0 ] },
				"west": { "texture": "#meat", "uv": [ 12.0, 2.0, 13.5, 3.0 ] },
				"up": { "texture": "#meat", "uv": [ 9.0, 4.0, 13.5, 5.5 ] },
				"down": { "texture": "#meat", "uv": [ 9.0, 4.0, 13.5, 5.5 ] }
			},
			"children": [
				{
					"name": "Cube3",
					"from": [ -0.5, 0.0, 1.5 ],
					"to": [ 4.0, 1.0, 2.0 ],
					"rotationOrigin": [ 1.0, 0.0, -1.0 ],
					"faces": {
						"north": { "texture": "#meat", "uv": [ 11.0, 5.0, 15.5, 6.0 ] },
						"east": { "texture": "#meat", "uv": [ 15.0, 4.0, 15.5, 5.0 ] },
						"south": { "texture": "#meat", "uv": [ 11.0, 1.0, 15.5, 2.0 ] },
						"west": { "texture": "#meat", "uv": [ 12.0, 4.0, 12.5, 5.0 ] },
						"up": { "texture": "#meat", "uv": [ 8.0, 3.5, 12.5, 4.0 ] },
						"down": { "texture": "#meat", "uv": [ 11.0, 5.0, 15.5, 5.5 ] }
					}
				},
				{
					"name": "Cube4",
					"from": [ 0.0, 0.0, 2.0 ],
					"to": [ 4.5, 1.0, 2.5 ],
					"rotationOrigin": [ 1.0, 0.0, -1.0 ],
					"faces": {
						"north": { "texture": "#meat", "uv": [ 12.0, 0.0, 16.5, 1.0 ] },
						"east": { "texture": "#meat", "uv": [ 13.0, 2.0, 13.5, 3.0 ] },
						"south": { "texture": "#meat", "uv": [ 11.0, 1.0, 15.5, 2.0 ] },
						"west": { "texture": "#meat", "uv": [ 12.0, 2.0, 12.5, 3.0 ] },
						"up": { "texture": "#meat", "uv": [ 10.0, 4.0, 14.5, 4.5 ] },
						"down": { "texture": "#meat", "uv": [ 9.0, 0.0, 13.5, 0.5 ] }
					}
				},
				{
					"name": "Cube5",
					"from": [ 0.5, 0.0, -0.5 ],
					"to": [ 3.5, 1.0, 0.0 ],
					"rotationOrigin": [ 1.0, 0.0, -1.0 ],
					"faces": {
						"north": { "texture": "#meat", "uv": [ 12.0, 6.0, 15.0, 7.0 ] },
						"east": { "texture": "#meat", "uv": [ 11.0, 6.0, 11.5, 7.0 ] },
						"west": { "texture": "#meat", "uv": [ 14.0, 4.0, 14.5, 5.0 ] },
						"up": { "texture": "#meat", "uv": [ 10.0, 4.0, 13.0, 4.5 ] },
						"down": { "texture": "#meat", "uv": [ 10.0, 4.0, 13.0, 4.5 ] }
					}
				},
				{
					"name": "Cube7",
					"from": [ 0.5, 0.0, 2.5 ],
					"to": [ 3.5, 0.5, 3.0 ],
					"rotationOrigin": [ 1.0, 0.0, -1.0 ],
					"faces": {
						"east": { "texture": "#meat", "uv": [ 9.0, 1.0, 9.5, 1.5 ] },
						"south": { "texture": "#meat", "uv": [ 12.0, 6.0, 15.0, 6.5 ] },
						"west": { "texture": "#meat", "uv": [ 11.0, 6.0, 11.5, 6.5 ] },
						"up": { "texture": "#meat", "uv": [ 13.0, 7.5, 16.0, 8.0 ] },
						"down": { "texture": "#meat", "uv": [ 9.0, 3.0, 12.0, 3.5 ] }
					}
				},
				{
					"name": "Cube6",
					"from": [ 4.5, 0.0, 0.5 ],
					"to": [ 5.0, 0.5, 1.5 ],
					"rotationOrigin": [ 1.0, 0.0, -1.0 ],
					"faces": {
						"north": { "texture": "#meat", "uv": [ 11.0, 3.0, 11.5, 3.5 ] },
						"east": { "texture": "#meat", "uv": [ 9.0, 1.0, 10.0, 1.5 ] },
						"south": { "texture": "#meat", "uv": [ 13.0, 2.0, 13.5, 2.5 ] },
						"up": { "texture": "#meat", "uv": [ 12.0, 3.0, 12.5, 4.0 ] },
						"down": { "texture": "#meat", "uv": [ 12.0, 3.0, 12.5, 4.0 ] }
					}
				},
				{
					"name": "Cube8",
					"from": [ -0.5, 0.0, 0.0 ],
					"to": [ 0.0, 0.5, 1.0 ],
					"rotationOrigin": [ 1.0, 0.0, -1.0 ],
					"faces": {
						"north": { "texture": "#meat", "uv": [ 9.0, 5.0, 9.5, 5.5 ] },
						"south": { "texture": "#meat", "uv": [ 12.0, 1.0, 12.5, 1.5 ] },
						"west": { "texture": "#meat", "uv": [ 13.0, 2.0, 14.0, 2.5 ] },
						"up": { "texture": "#meat", "uv": [ 13.0, 0.0, 13.5, 1.0 ] },
						"down": { "texture": "#meat", "uv": [ 9.0, 3.0, 9.5, 4.0 ] }
					}
				}
			]
		},
		{
			"name": "Cube103",
			"from": [ 8.0, 0.0, 2.5 ],
			"to": [ 14.0, 1.0, 4.0 ],
			"rotationOrigin": [ 8.0, 0.0, 2.5 ],
			"rotationY": -90.0,
			"rotationZ": 67.5,
			"faces": {
				"north": { "texture": "#meat", "uv": [ 10.0, 7.0, 14.5, 8.0 ] },
				"east": { "texture": "#meat", "uv": [ 10.0, 1.0, 11.5, 2.0 ] },
				"south": { "texture": "#meat", "uv": [ 10.0, 4.0, 14.5, 5.0 ] },
				"west": { "texture": "#meat", "uv": [ 12.0, 2.0, 13.5, 3.0 ] },
				"up": { "texture": "#meat", "uv": [ 9.0, 4.0, 13.5, 5.5 ] },
				"down": { "texture": "#meat", "uv": [ 9.0, 4.0, 13.5, 5.5 ] }
			},
			"children": [
				{
					"name": "Cube3",
					"from": [ -0.5, 0.0, 1.5 ],
					"to": [ 4.0, 1.0, 2.0 ],
					"rotationOrigin": [ 1.0, 0.0, -1.0 ],
					"faces": {
						"north": { "texture": "#meat", "uv": [ 11.0, 5.0, 15.5, 6.0 ] },
						"east": { "texture": "#meat", "uv": [ 15.0, 4.0, 15.5, 5.0 ] },
						"south": { "texture": "#meat", "uv": [ 11.0, 1.0, 15.5, 2.0 ] },
						"west": { "texture": "#meat", "uv": [ 12.0, 4.0, 12.5, 5.0 ] },
						"up": { "texture": "#meat", "uv": [ 8.0, 3.5, 12.5, 4.0 ] },
						"down": { "texture": "#meat", "uv": [ 11.0, 5.0, 15.5, 5.5 ] }
					}
				},
				{
					"name": "Cube4",
					"from": [ 0.0, 0.0, 2.0 ],
					"to": [ 4.5, 1.0, 2.5 ],
					"rotationOrigin": [ 1.0, 0.0, -1.0 ],
					"faces": {
						"north": { "texture": "#meat", "uv": [ 12.0, 0.0, 16.5, 1.0 ] },
						"east": { "texture": "#meat", "uv": [ 13.0, 2.0, 13.5, 3.0 ] },
						"south": { "texture": "#meat", "uv": [ 11.0, 1.0, 15.5, 2.0 ] },
						"west": { "texture": "#meat", "uv": [ 12.0, 2.0, 12.5, 3.0 ] },
						"up": { "texture": "#meat", "uv": [ 10.0, 4.0, 14.5, 4.5 ] },
						"down": { "texture": "#meat", "uv": [ 9.0, 0.0, 13.5, 0.5 ] }
					}
				},
				{
					"name": "Cube5",
					"from": [ 0.5, 0.0, -0.5 ],
					"to": [ 3.5, 1.0, 0.0 ],
					"rotationOrigin": [ 1.0, 0.0, -1.0 ],
					"faces": {
						"north": { "texture": "#meat", "uv": [ 12.0, 6.0, 15.0, 7.0 ] },
						"east": { "texture": "#meat", "uv": [ 11.0, 6.0, 11.5, 7.0 ] },
						"west": { "texture": "#meat", "uv": [ 14.0, 4.0, 14.5, 5.0 ] },
						"up": { "texture": "#meat", "uv": [ 10.0, 4.0, 13.0, 4.5 ] },
						"down": { "texture": "#meat", "uv": [ 10.0, 4.0, 13.0, 4.5 ] }
					}
				},
				{
					"name": "Cube7",
					"from": [ 0.5, 0.0, 2.5 ],
					"to": [ 3.5, 0.5, 3.0 ],
					"rotationOrigin": [ 1.0, 0.0, -1.0 ],
					"faces": {
						"east": { "texture": "#meat", "uv": [ 9.0, 1.0, 9.5, 1.5 ] },
						"south": { "texture": "#meat", "uv": [ 12.0, 6.0, 15.0, 6.5 ] },
						"west": { "texture": "#meat", "uv": [ 11.0, 6.0, 11.5, 6.5 ] },
						"up": { "texture": "#meat", "uv": [ 13.0, 7.5, 16.0, 8.0 ] },
						"down": { "texture": "#meat", "uv": [ 9.0, 3.0, 12.0, 3.5 ] }
					}
				},
				{
					"name": "Cube6",
					"from": [ 4.5, 0.0, 0.5 ],
					"to": [ 5.0, 0.5, 1.5 ],
					"rotationOrigin": [ 1.0, 0.0, -1.0 ],
					"faces": {
						"north": { "texture": "#meat", "uv": [ 11.0, 3.0, 11.5, 3.5 ] },
						"east": { "texture": "#meat", "uv": [ 9.0, 1.0, 10.0, 1.5 ] },
						"south": { "texture": "#meat", "uv": [ 13.0, 2.0, 13.5, 2.5 ] },
						"up": { "texture": "#meat", "uv": [ 12.0, 3.0, 12.5, 4.0 ] },
						"down": { "texture": "#meat", "uv": [ 12.0, 3.0, 12.5, 4.0 ] }
					}
				},
				{
					"name": "Cube8",
					"from": [ -0.5, 0.0, 0.0 ],
					"to": [ 0.0, 0.5, 1.0 ],
					"rotationOrigin": [ 1.0, 0.0, -1.0 ],
					"faces": {
						"north": { "texture": "#meat", "uv": [ 9.0, 5.0, 9.5, 5.5 ] },
						"south": { "texture": "#meat", "uv": [ 12.0, 1.0, 12.5, 1.5 ] },
						"west": { "texture": "#meat", "uv": [ 13.0, 2.0, 14.0, 2.5 ] },
						"up": { "texture": "#meat", "uv": [ 13.0, 0.0, 13.5, 1.0 ] },
						"down": { "texture": "#meat", "uv": [ 9.0, 3.0, 9.5, 4.0 ] }
					}
				}
			]
		},
		{
			"name": "Cube109",
			"from": [ 4.6, -0.2, 2.5 ],
			"to": [ 10.6, 0.8, 4.0 ],
			"rotationOrigin": [ 4.6, -0.2, 2.5 ],
			"rotationY": -45.0,
			"rotationZ": 67.5,
			"faces": {
				"north": { "texture": "#meat", "uv": [ 10.0, 7.0, 14.5, 8.0 ] },
				"east": { "texture": "#meat", "uv": [ 10.0, 1.0, 11.5, 2.0 ] },
				"south": { "texture": "#meat", "uv": [ 10.0, 4.0, 14.5, 5.0 ] },
				"west": { "texture": "#meat", "uv": [ 12.0, 2.0, 13.5, 3.0 ] },
				"up": { "texture": "#meat", "uv": [ 9.0, 4.0, 13.5, 5.5 ] },
				"down": { "texture": "#meat", "uv": [ 9.0, 4.0, 13.5, 5.5 ] }
			},
			"children": [
				{
					"name": "Cube3",
					"from": [ -0.5, 0.0, 1.5 ],
					"to": [ 4.0, 1.0, 2.0 ],
					"rotationOrigin": [ 1.0, 0.0, -1.0 ],
					"faces": {
						"north": { "texture": "#meat", "uv": [ 11.0, 5.0, 15.5, 6.0 ] },
						"east": { "texture": "#meat", "uv": [ 15.0, 4.0, 15.5, 5.0 ] },
						"south": { "texture": "#meat", "uv": [ 11.0, 1.0, 15.5, 2.0 ] },
						"west": { "texture": "#meat", "uv": [ 12.0, 4.0, 12.5, 5.0 ] },
						"up": { "texture": "#meat", "uv": [ 8.0, 3.5, 12.5, 4.0 ] },
						"down": { "texture": "#meat", "uv": [ 11.0, 5.0, 15.5, 5.5 ] }
					}
				},
				{
					"name": "Cube4",
					"from": [ 0.0, 0.0, 2.0 ],
					"to": [ 4.5, 1.0, 2.5 ],
					"rotationOrigin": [ 1.0, 0.0, -1.0 ],
					"faces": {
						"north": { "texture": "#meat", "uv": [ 12.0, 0.0, 16.5, 1.0 ] },
						"east": { "texture": "#meat", "uv": [ 13.0, 2.0, 13.5, 3.0 ] },
						"south": { "texture": "#meat", "uv": [ 11.0, 1.0, 15.5, 2.0 ] },
						"west": { "texture": "#meat", "uv": [ 12.0, 2.0, 12.5, 3.0 ] },
						"up": { "texture": "#meat", "uv": [ 10.0, 4.0, 14.5, 4.5 ] },
						"down": { "texture": "#meat", "uv": [ 9.0, 0.0, 13.5, 0.5 ] }
					}
				},
				{
					"name": "Cube5",
					"from": [ 0.5, 0.0, -0.5 ],
					"to": [ 3.5, 1.0, 0.0 ],
					"rotationOrigin": [ 1.0, 0.0, -1.0 ],
					"faces": {
						"north": { "texture": "#meat", "uv": [ 12.0, 6.0, 15.0, 7.0 ] },
						"east": { "texture": "#meat", "uv": [ 11.0, 6.0, 11.5, 7.0 ] },
						"west": { "texture": "#meat", "uv": [ 14.0, 4.0, 14.5, 5.0 ] },
						"up": { "texture": "#meat", "uv": [ 10.0, 4.0, 13.0, 4.5 ] },
						"down": { "texture": "#meat", "uv": [ 10.0, 4.0, 13.0, 4.5 ] }
					}
				},
				{
					"name": "Cube7",
					"from": [ 0.5, 0.0, 2.5 ],
					"to": [ 3.5, 0.5, 3.0 ],
					"rotationOrigin": [ 1.0, 0.0, -1.0 ],
					"faces": {
						"east": { "texture": "#meat", "uv": [ 9.0, 1.0, 9.5, 1.5 ] },
						"south": { "texture": "#meat", "uv": [ 12.0, 6.0, 15.0, 6.5 ] },
						"west": { "texture": "#meat", "uv": [ 11.0, 6.0, 11.5, 6.5 ] },
						"up": { "texture": "#meat", "uv": [ 13.0, 7.5, 16.0, 8.0 ] },
						"down": { "texture": "#meat", "uv": [ 9.0, 3.0, 12.0, 3.5 ] }
					}
				},
				{
					"name": "Cube6",
					"from": [ 4.5, 0.0, 0.5 ],
					"to": [ 5.0, 0.5, 1.5 ],
					"rotationOrigin": [ 1.0, 0.0, -1.0 ],
					"faces": {
						"north": { "texture": "#meat", "uv": [ 11.0, 3.0, 11.5, 3.5 ] },
						"east": { "texture": "#meat", "uv": [ 9.0, 1.0, 10.0, 1.5 ] },
						"south": { "texture": "#meat", "uv": [ 13.0, 2.0, 13.5, 2.5 ] },
						"up": { "texture": "#meat", "uv": [ 12.0, 3.0, 12.5, 4.0 ] },
						"down": { "texture": "#meat", "uv": [ 12.0, 3.0, 12.5, 4.0 ] }
					}
				},
				{
					"name": "Cube8",
					"from": [ -0.5, 0.0, 0.0 ],
					"to": [ 0.0, 0.5, 1.0 ],
					"rotationOrigin": [ 1.0, 0.0, -1.0 ],
					"faces": {
						"north": { "texture": "#meat", "uv": [ 9.0, 5.0, 9.5, 5.5 ] },
						"south": { "texture": "#meat", "uv": [ 12.0, 1.0, 12.5, 1.5 ] },
						"west": { "texture": "#meat", "uv": [ 13.0, 2.0, 14.0, 2.5 ] },
						"up": { "texture": "#meat", "uv": [ 13.0, 0.0, 13.5, 1.0 ] },
						"down": { "texture": "#meat", "uv": [ 9.0, 3.0, 9.5, 4.0 ] }
					}
				}
			]
		},
		{
			"name": "Cube115",
			"from": [ 8.4, 5.0, 4.2 ],
			"to": [ 14.3, 6.0, 5.7 ],
			"rotationOrigin": [ 8.4, 5.0, 4.2 ],
			"rotationY": 45.0,
			"rotationZ": -67.5,
			"faces": {
				"north": { "texture": "#meat", "uv": [ 10.0, 7.0, 14.5, 8.0 ] },
				"east": { "texture": "#meat", "uv": [ 10.0, 1.0, 11.5, 2.0 ] },
				"south": { "texture": "#meat", "uv": [ 10.0, 4.0, 14.5, 5.0 ] },
				"west": { "texture": "#meat", "uv": [ 12.0, 2.0, 13.5, 3.0 ] },
				"up": { "texture": "#meat", "uv": [ 9.0, 4.0, 13.5, 5.5 ] },
				"down": { "texture": "#meat", "uv": [ 9.0, 4.0, 13.5, 5.5 ] }
			},
			"children": [
				{
					"name": "Cube3",
					"from": [ -0.5, 0.0, 1.5 ],
					"to": [ 4.0, 1.0, 2.0 ],
					"rotationOrigin": [ 1.0, 0.0, -1.0 ],
					"faces": {
						"north": { "texture": "#meat", "uv": [ 11.0, 5.0, 15.5, 6.0 ] },
						"east": { "texture": "#meat", "uv": [ 15.0, 4.0, 15.5, 5.0 ] },
						"south": { "texture": "#meat", "uv": [ 11.0, 1.0, 15.5, 2.0 ] },
						"west": { "texture": "#meat", "uv": [ 12.0, 4.0, 12.5, 5.0 ] },
						"up": { "texture": "#meat", "uv": [ 8.0, 3.5, 12.5, 4.0 ] },
						"down": { "texture": "#meat", "uv": [ 11.0, 5.0, 15.5, 5.5 ] }
					}
				},
				{
					"name": "Cube4",
					"from": [ 0.0, 0.0, 2.0 ],
					"to": [ 4.5, 1.0, 2.5 ],
					"rotationOrigin": [ 1.0, 0.0, -1.0 ],
					"faces": {
						"north": { "texture": "#meat", "uv": [ 12.0, 0.0, 16.5, 1.0 ] },
						"east": { "texture": "#meat", "uv": [ 13.0, 2.0, 13.5, 3.0 ] },
						"south": { "texture": "#meat", "uv": [ 11.0, 1.0, 15.5, 2.0 ] },
						"west": { "texture": "#meat", "uv": [ 12.0, 2.0, 12.5, 3.0 ] },
						"up": { "texture": "#meat", "uv": [ 10.0, 4.0, 14.5, 4.5 ] },
						"down": { "texture": "#meat", "uv": [ 9.0, 0.0, 13.5, 0.5 ] }
					}
				},
				{
					"name": "Cube5",
					"from": [ 0.5, 0.0, -0.5 ],
					"to": [ 3.5, 1.0, 0.0 ],
					"rotationOrigin": [ 1.0, 0.0, -1.0 ],
					"faces": {
						"north": { "texture": "#meat", "uv": [ 12.0, 6.0, 15.0, 7.0 ] },
						"east": { "texture": "#meat", "uv": [ 11.0, 6.0, 11.5, 7.0 ] },
						"west": { "texture": "#meat", "uv": [ 14.0, 4.0, 14.5, 5.0 ] },
						"up": { "texture": "#meat", "uv": [ 10.0, 4.0, 13.0, 4.5 ] },
						"down": { "texture": "#meat", "uv": [ 10.0, 4.0, 13.0, 4.5 ] }
					}
				},
				{
					"name": "Cube7",
					"from": [ 0.5, 0.0, 2.5 ],
					"to": [ 3.5, 0.5, 3.0 ],
					"rotationOrigin": [ 1.0, 0.0, -1.0 ],
					"faces": {
						"east": { "texture": "#meat", "uv": [ 9.0, 1.0, 9.5, 1.5 ] },
						"south": { "texture": "#meat", "uv": [ 12.0, 6.0, 15.0, 6.5 ] },
						"west": { "texture": "#meat", "uv": [ 11.0, 6.0, 11.5, 6.5 ] },
						"up": { "texture": "#meat", "uv": [ 13.0, 7.5, 16.0, 8.0 ] },
						"down": { "texture": "#meat", "uv": [ 9.0, 3.0, 12.0, 3.5 ] }
					}
				},
				{
					"name": "Cube6",
					"from": [ 4.5, 0.0, 0.5 ],
					"to": [ 5.0, 0.5, 1.5 ],
					"rotationOrigin": [ 1.0, 0.0, -1.0 ],
					"faces": {
						"north": { "texture": "#meat", "uv": [ 11.0, 3.0, 11.5, 3.5 ] },
						"east": { "texture": "#meat", "uv": [ 9.0, 1.0, 10.0, 1.5 ] },
						"south": { "texture": "#meat", "uv": [ 13.0, 2.0, 13.5, 2.5 ] },
						"up": { "texture": "#meat", "uv": [ 12.0, 3.0, 12.5, 4.0 ] },
						"down": { "texture": "#meat", "uv": [ 12.0, 3.0, 12.5, 4.0 ] }
					}
				},
				{
					"name": "Cube8",
					"from": [ -0.5, 0.0, 0.0 ],
					"to": [ 0.0, 0.5, 1.0 ],
					"rotationOrigin": [ 1.0, 0.0, -1.0 ],
					"faces": {
						"north": { "texture": "#meat", "uv": [ 9.0, 5.0, 9.5, 5.5 ] },
						"south": { "texture": "#meat", "uv": [ 12.0, 1.0, 12.5, 1.5 ] },
						"west": { "texture": "#meat", "uv": [ 13.0, 2.0, 14.0, 2.5 ] },
						"up": { "texture": "#meat", "uv": [ 13.0, 0.0, 13.5, 1.0 ] },
						"down": { "texture": "#meat", "uv": [ 9.0, 3.0, 9.5, 4.0 ] }
					}
				}
			]
		},
		{
			"name": "Cube121",
			"from": [ 7.0, 2.3, 12.0 ],
			"to": [ 13.0, 3.3, 13.5 ],
			"rotationOrigin": [ 7.0, 2.3, 12.0 ],
			"rotationX": 22.5,
			"rotationY": 90.0,
			"faces": {
				"north": { "texture": "#meat", "uv": [ 10.0, 7.0, 14.5, 8.0 ] },
				"east": { "texture": "#meat", "uv": [ 10.0, 1.0, 11.5, 2.0 ] },
				"south": { "texture": "#meat", "uv": [ 10.0, 4.0, 14.5, 5.0 ] },
				"west": { "texture": "#meat", "uv": [ 12.0, 2.0, 13.5, 3.0 ] },
				"up": { "texture": "#meat", "uv": [ 9.0, 4.0, 13.5, 5.5 ] },
				"down": { "texture": "#meat", "uv": [ 9.0, 4.0, 13.5, 5.5 ] }
			},
			"children": [
				{
					"name": "Cube3",
					"from": [ -0.5, 0.0, 1.5 ],
					"to": [ 4.0, 1.0, 2.0 ],
					"rotationOrigin": [ 1.0, 0.0, -1.0 ],
					"faces": {
						"north": { "texture": "#meat", "uv": [ 11.0, 5.0, 15.5, 6.0 ] },
						"east": { "texture": "#meat", "uv": [ 15.0, 4.0, 15.5, 5.0 ] },
						"south": { "texture": "#meat", "uv": [ 11.0, 1.0, 15.5, 2.0 ] },
						"west": { "texture": "#meat", "uv": [ 12.0, 4.0, 12.5, 5.0 ] },
						"up": { "texture": "#meat", "uv": [ 8.0, 3.5, 12.5, 4.0 ] },
						"down": { "texture": "#meat", "uv": [ 11.0, 5.0, 15.5, 5.5 ] }
					}
				},
				{
					"name": "Cube4",
					"from": [ 0.0, 0.0, 2.0 ],
					"to": [ 4.5, 1.0, 2.5 ],
					"rotationOrigin": [ 1.0, 0.0, -1.0 ],
					"faces": {
						"north": { "texture": "#meat", "uv": [ 12.0, 0.0, 16.5, 1.0 ] },
						"east": { "texture": "#meat", "uv": [ 13.0, 2.0, 13.5, 3.0 ] },
						"south": { "texture": "#meat", "uv": [ 11.0, 1.0, 15.5, 2.0 ] },
						"west": { "texture": "#meat", "uv": [ 12.0, 2.0, 12.5, 3.0 ] },
						"up": { "texture": "#meat", "uv": [ 10.0, 4.0, 14.5, 4.5 ] },
						"down": { "texture": "#meat", "uv": [ 9.0, 0.0, 13.5, 0.5 ] }
					}
				},
				{
					"name": "Cube5",
					"from": [ 0.5, 0.0, -0.5 ],
					"to": [ 3.5, 1.0, 0.0 ],
					"rotationOrigin": [ 1.0, 0.0, -1.0 ],
					"faces": {
						"north": { "texture": "#meat", "uv": [ 12.0, 6.0, 15.0, 7.0 ] },
						"east": { "texture": "#meat", "uv": [ 11.0, 6.0, 11.5, 7.0 ] },
						"west": { "texture": "#meat", "uv": [ 14.0, 4.0, 14.5, 5.0 ] },
						"up": { "texture": "#meat", "uv": [ 10.0, 4.0, 13.0, 4.5 ] },
						"down": { "texture": "#meat", "uv": [ 10.0, 4.0, 13.0, 4.5 ] }
					}
				},
				{
					"name": "Cube7",
					"from": [ 0.5, 0.0, 2.5 ],
					"to": [ 3.5, 0.5, 3.0 ],
					"rotationOrigin": [ 1.0, 0.0, -1.0 ],
					"faces": {
						"east": { "texture": "#meat", "uv": [ 9.0, 1.0, 9.5, 1.5 ] },
						"south": { "texture": "#meat", "uv": [ 12.0, 6.0, 15.0, 6.5 ] },
						"west": { "texture": "#meat", "uv": [ 11.0, 6.0, 11.5, 6.5 ] },
						"up": { "texture": "#meat", "uv": [ 13.0, 7.5, 16.0, 8.0 ] },
						"down": { "texture": "#meat", "uv": [ 9.0, 3.0, 12.0, 3.5 ] }
					}
				},
				{
					"name": "Cube6",
					"from": [ 4.5, 0.0, 0.5 ],
					"to": [ 5.0, 0.5, 1.5 ],
					"rotationOrigin": [ 1.0, 0.0, -1.0 ],
					"faces": {
						"north": { "texture": "#meat", "uv": [ 11.0, 3.0, 11.5, 3.5 ] },
						"east": { "texture": "#meat", "uv": [ 9.0, 1.0, 10.0, 1.5 ] },
						"south": { "texture": "#meat", "uv": [ 13.0, 2.0, 13.5, 2.5 ] },
						"up": { "texture": "#meat", "uv": [ 12.0, 3.0, 12.5, 4.0 ] },
						"down": { "texture": "#meat", "uv": [ 12.0, 3.0, 12.5, 4.0 ] }
					}
				},
				{
					"name": "Cube8",
					"from": [ -0.5, 0.0, 0.0 ],
					"to": [ 0.0, 0.5, 1.0 ],
					"rotationOrigin": [ 1.0, 0.0, -1.0 ],
					"faces": {
						"north": { "texture": "#meat", "uv": [ 9.0, 5.0, 9.5, 5.5 ] },
						"south": { "texture": "#meat", "uv": [ 12.0, 1.0, 12.5, 1.5 ] },
						"west": { "texture": "#meat", "uv": [ 13.0, 2.0, 14.0, 2.5 ] },
						"up": { "texture": "#meat", "uv": [ 13.0, 0.0, 13.5, 1.0 ] },
						"down": { "texture": "#meat", "uv": [ 9.0, 3.0, 9.5, 4.0 ] }
					}
				}
			]
		},
		{
			"name": "Cube127",
			"from": [ 5.0, 5.3, 8.0 ],
			"to": [ 11.0, 6.3, 9.5 ],
			"rotationOrigin": [ 5.0, 5.3, 8.0 ],
			"rotationX": 157.5,
			"rotationY": 67.5,
			"rotationZ": 22.5,
			"faces": {
				"north": { "texture": "#meat", "uv": [ 10.0, 7.0, 14.5, 8.0 ] },
				"east": { "texture": "#meat", "uv": [ 10.0, 1.0, 11.5, 2.0 ] },
				"south": { "texture": "#meat", "uv": [ 10.0, 4.0, 14.5, 5.0 ] },
				"west": { "texture": "#meat", "uv": [ 12.0, 2.0, 13.5, 3.0 ] },
				"up": { "texture": "#meat", "uv": [ 9.0, 4.0, 13.5, 5.5 ] },
				"down": { "texture": "#meat", "uv": [ 9.0, 4.0, 13.5, 5.5 ] }
			},
			"children": [
				{
					"name": "Cube3",
					"from": [ -0.5, 0.0, 1.5 ],
					"to": [ 4.0, 1.0, 2.0 ],
					"rotationOrigin": [ 1.0, 0.0, -1.0 ],
					"faces": {
						"north": { "texture": "#meat", "uv": [ 11.0, 5.0, 15.5, 6.0 ] },
						"east": { "texture": "#meat", "uv": [ 15.0, 4.0, 15.5, 5.0 ] },
						"south": { "texture": "#meat", "uv": [ 11.0, 1.0, 15.5, 2.0 ] },
						"west": { "texture": "#meat", "uv": [ 12.0, 4.0, 12.5, 5.0 ] },
						"up": { "texture": "#meat", "uv": [ 8.0, 3.5, 12.5, 4.0 ] },
						"down": { "texture": "#meat", "uv": [ 11.0, 5.0, 15.5, 5.5 ] }
					}
				},
				{
					"name": "Cube4",
					"from": [ 0.0, 0.0, 2.0 ],
					"to": [ 4.5, 1.0, 2.5 ],
					"rotationOrigin": [ 1.0, 0.0, -1.0 ],
					"faces": {
						"north": { "texture": "#meat", "uv": [ 12.0, 0.0, 16.5, 1.0 ] },
						"east": { "texture": "#meat", "uv": [ 13.0, 2.0, 13.5, 3.0 ] },
						"south": { "texture": "#meat", "uv": [ 11.0, 1.0, 15.5, 2.0 ] },
						"west": { "texture": "#meat", "uv": [ 12.0, 2.0, 12.5, 3.0 ] },
						"up": { "texture": "#meat", "uv": [ 10.0, 4.0, 14.5, 4.5 ] },
						"down": { "texture": "#meat", "uv": [ 9.0, 0.0, 13.5, 0.5 ] }
					}
				},
				{
					"name": "Cube5",
					"from": [ 0.5, 0.0, -0.5 ],
					"to": [ 3.5, 1.0, 0.0 ],
					"rotationOrigin": [ 1.0, 0.0, -1.0 ],
					"faces": {
						"north": { "texture": "#meat", "uv": [ 12.0, 6.0, 15.0, 7.0 ] },
						"east": { "texture": "#meat", "uv": [ 11.0, 6.0, 11.5, 7.0 ] },
						"west": { "texture": "#meat", "uv": [ 14.0, 4.0, 14.5, 5.0 ] },
						"up": { "texture": "#meat", "uv": [ 10.0, 4.0, 13.0, 4.5 ] },
						"down": { "texture": "#meat", "uv": [ 10.0, 4.0, 13.0, 4.5 ] }
					}
				},
				{
					"name": "Cube7",
					"from": [ 0.5, 0.0, 2.5 ],
					"to": [ 3.5, 0.5, 3.0 ],
					"rotationOrigin": [ 1.0, 0.0, -1.0 ],
					"faces": {
						"east": { "texture": "#meat", "uv": [ 9.0, 1.0, 9.5, 1.5 ] },
						"south": { "texture": "#meat", "uv": [ 12.0, 6.0, 15.0, 6.5 ] },
						"west": { "texture": "#meat", "uv": [ 11.0, 6.0, 11.5, 6.5 ] },
						"up": { "texture": "#meat", "uv": [ 13.0, 7.5, 16.0, 8.0 ] },
						"down": { "texture": "#meat", "uv": [ 9.0, 3.0, 12.0, 3.5 ] }
					}
				},
				{
					"name": "Cube6",
					"from": [ 4.5, 0.0, 0.5 ],
					"to": [ 5.0, 0.5, 1.5 ],
					"rotationOrigin": [ 1.0, 0.0, -1.0 ],
					"faces": {
						"north": { "texture": "#meat", "uv": [ 11.0, 3.0, 11.5, 3.5 ] },
						"east": { "texture": "#meat", "uv": [ 9.0, 1.0, 10.0, 1.5 ] },
						"south": { "texture": "#meat", "uv": [ 13.0, 2.0, 13.5, 2.5 ] },
						"up": { "texture": "#meat", "uv": [ 12.0, 3.0, 12.5, 4.0 ] },
						"down": { "texture": "#meat", "uv": [ 12.0, 3.0, 12.5, 4.0 ] }
					}
				},
				{
					"name": "Cube8",
					"from": [ -0.5, 0.0, 0.0 ],
					"to": [ 0.0, 0.5, 1.0 ],
					"rotationOrigin": [ 1.0, 0.0, -1.0 ],
					"faces": {
						"north": { "texture": "#meat", "uv": [ 9.0, 5.0, 9.5, 5.5 ] },
						"south": { "texture": "#meat", "uv": [ 12.0, 1.0, 12.5, 1.5 ] },
						"west": { "texture": "#meat", "uv": [ 13.0, 2.0, 14.0, 2.5 ] },
						"up": { "texture": "#meat", "uv": [ 13.0, 0.0, 13.5, 1.0 ] },
						"down": { "texture": "#meat", "uv": [ 9.0, 3.0, 9.5, 4.0 ] }
					}
				}
			]
		}
	]}
