{
	"editor": {
		"collapsedPaths": "Root/Cube27,Root/Main/Cube14,Root/Cube5/base4/long4,Root/Main/base9,Root/Cube5/base2,Root/Cube5/base3,Root/Cube5/base4,Root/Cube5/base,Root/Cube5/base3/long3,Root/Main/base13,Root/Main/base12,Root/Main/base11,Root/Main/base10,Root/Cube5,Root/base11,Root/base12,Root/base10,Root/Egg,Root/Cube14/base6/long6,Root/base,Root/base10/long10,Root/base13,Root/Cube14/base7,Root/Cube14/base8,Root/Cube14/base5,Root/Cube14/base6,Root/Main,Root/Egg3,Root/Egg2,Root/Main/Cube5,Root/base2/long2,Root/Egg7,Root/base9,Root/Egg6,Root/Egg5,Root/Egg4,Root/base4,Root/base2,Root/base3,Root/Cube14,Root/Egg9,Root/Egg8,Root/base3/long3",
		"allAngles": false,
		"entityTextureMode": false
	},
	"textureWidth": 16,
	"textureHeight": 16,
	"textureSizes": {
	},
	"textures": {
		"stick": "entity/stick"
	},
	"elements": [
		{
			"name": "Main",
			"from": [ 0.0, 0.0, 0.0 ],
			"to": [ 0.0, 0.0, 1.0 ],
			"rotationOrigin": [ 8.0, 0.0, 8.0 ],
			"faces": {
				"north": { "texture": "#stick", "uv": [ 0.0, 0.0, 0.5, 0.5 ] },
				"east": { "texture": "#stick", "uv": [ 0.0, 0.0, 1.0, 0.5 ] },
				"south": { "texture": "#stick", "uv": [ 0.0, 0.0, 0.5, 0.5 ] },
				"west": { "texture": "#stick", "uv": [ 0.0, 0.0, 1.0, 0.5 ] },
				"up": { "texture": "#stick", "uv": [ 0.0, 0.0, 0.5, 1.0 ] },
				"down": { "texture": "#stick", "uv": [ 0.0, 0.0, 0.5, 1.0 ] }
			},
			"children": [
				{
					"name": "base13",
					"from": [ 8.0021, 0.0, 5.9972 ],
					"to": [ 8.0021, 0.0, 5.9972 ],
					"rotationOrigin": [ 8.0, 0.0, 6.0 ],
					"rotationY": 89.9802,
					"faces": {
					},
					"children": [
						{
							"name": "long13",
							"from": [ -7.8, 0.0, -1.0 ],
							"to": [ 8.2, 1.5, 0.0 ],
							"rotationOrigin": [ 1.0, 0.0, -1.0 ],
							"rotationY": -45.0,
							"faces": {
								"north": { "texture": "#stick", "uv": [ 0.0, 3.5, 16.0, 4.5 ], "autoUv": false },
								"east": { "texture": "#stick", "uv": [ 1.5, 3.0, 2.5, 4.5 ] },
								"south": { "texture": "#stick", "uv": [ 0.0, 13.0, 16.0, 14.5 ] },
								"west": { "texture": "#stick", "uv": [ 1.0, 3.5, 2.0, 5.0 ] },
								"up": { "texture": "#stick", "uv": [ 0.0, 12.5, 16.0, 13.5 ] },
								"down": { "texture": "#stick", "uv": [ 0.0, 2.5, 16.0, 3.5 ], "autoUv": false }
							},
							"children": [
								{
									"name": "Cube40",
									"from": [ 0.5, 0.0, 1.0 ],
									"to": [ 14.5, 1.5, 1.5 ],
									"rotationOrigin": [ 0.5, 0.0, 1.0 ],
									"faces": {
										"east": { "texture": "#stick", "uv": [ 0.0, 0.0, 0.5, 1.5 ] },
										"south": { "texture": "#stick", "uv": [ 0.0, 0.0, 14.0, 1.5 ] },
										"west": { "texture": "#stick", "uv": [ 0.0, 0.0, 0.5, 1.5 ] },
										"up": { "texture": "#stick", "uv": [ 0.0, 0.0, 14.0, 0.5 ] },
										"down": { "texture": "#stick", "uv": [ 0.0, 0.0, 14.0, 0.5 ] }
									}
								},
								{
									"name": "Cube41",
									"from": [ 5.9, -0.1, 0.0 ],
									"to": [ 8.9, 0.9, 0.5 ],
									"rotationOrigin": [ 5.9, -0.1, -0.5 ],
									"rotationY": 22.5,
									"faces": {
										"north": { "texture": "#stick", "uv": [ 0.0, 0.0, 3.0, 1.0 ] },
										"east": { "texture": "#stick", "uv": [ 0.0, 0.0, 0.5, 1.0 ] },
										"up": { "texture": "#stick", "uv": [ 8.5, 11.0, 11.5, 11.5 ] },
										"down": { "texture": "#stick", "uv": [ 0.0, 0.0, 3.0, 0.5 ] }
									}
								},
								{
									"name": "Cube42",
									"from": [ 6.0, -0.1, 0.5 ],
									"to": [ 10.0, 0.9, 1.0 ],
									"rotationOrigin": [ 6.0, -0.1, 0.0 ],
									"rotationY": 22.5,
									"faces": {
										"north": { "texture": "#stick", "uv": [ 0.0, 0.0, 4.0, 1.0 ] },
										"east": { "texture": "#stick", "uv": [ 0.0, 0.0, 0.5, 1.0 ] },
										"south": { "texture": "#stick", "uv": [ 0.0, 0.0, 4.0, 1.0 ] },
										"up": { "texture": "#stick", "uv": [ 1.0, 11.0, 5.0, 11.5 ] },
										"down": { "texture": "#stick", "uv": [ 0.0, 0.0, 4.0, 0.5 ] }
									}
								}
							]
						}
					]
				},
				{
					"name": "base12",
					"from": [ 9.0, 0.0, 6.0 ],
					"to": [ 9.0, 0.0, 6.0 ],
					"rotationOrigin": [ 9.0, 0.0, 6.0 ],
					"rotationY": 45.0,
					"faces": {
					},
					"children": [
						{
							"name": "long12",
							"from": [ -8.8, 0.0, 0.0 ],
							"to": [ 7.2, 1.5, 1.0 ],
							"rotationOrigin": [ 0.0, 0.0, 0.0 ],
							"rotationY": -45.0,
							"faces": {
								"north": { "texture": "#stick", "uv": [ 0.0, 3.5, 16.0, 4.5 ], "autoUv": false },
								"east": { "texture": "#stick", "uv": [ 1.5, 3.0, 2.5, 4.5 ] },
								"south": { "texture": "#stick", "uv": [ 0.0, 13.0, 16.0, 14.5 ] },
								"west": { "texture": "#stick", "uv": [ 1.0, 3.5, 2.0, 5.0 ] },
								"up": { "texture": "#stick", "uv": [ 0.0, 12.5, 16.0, 13.5 ] },
								"down": { "texture": "#stick", "uv": [ 0.0, 2.5, 16.0, 3.5 ], "autoUv": false }
							},
							"children": [
								{
									"name": "Cube37",
									"from": [ 0.5, 0.0, 1.0 ],
									"to": [ 14.5, 1.5, 1.5 ],
									"rotationOrigin": [ 0.5, 0.0, 1.0 ],
									"faces": {
										"east": { "texture": "#stick", "uv": [ 0.0, 0.0, 0.5, 1.5 ] },
										"south": { "texture": "#stick", "uv": [ 0.0, 0.0, 14.0, 1.5 ] },
										"west": { "texture": "#stick", "uv": [ 0.0, 0.0, 0.5, 1.5 ] },
										"up": { "texture": "#stick", "uv": [ 0.0, 0.0, 14.0, 0.5 ] },
										"down": { "texture": "#stick", "uv": [ 0.0, 0.0, 14.0, 0.5 ] }
									}
								},
								{
									"name": "Cube38",
									"from": [ 5.9, -0.1, 0.0 ],
									"to": [ 8.9, 0.9, 0.5 ],
									"rotationOrigin": [ 5.9, -0.1, -0.5 ],
									"rotationY": 22.5,
									"faces": {
										"north": { "texture": "#stick", "uv": [ 0.0, 0.0, 3.0, 1.0 ] },
										"east": { "texture": "#stick", "uv": [ 0.0, 0.0, 0.5, 1.0 ] },
										"up": { "texture": "#stick", "uv": [ 8.5, 11.0, 11.5, 11.5 ] },
										"down": { "texture": "#stick", "uv": [ 0.0, 0.0, 3.0, 0.5 ] }
									}
								},
								{
									"name": "Cube39",
									"from": [ 6.0, -0.1, 0.5 ],
									"to": [ 10.0, 0.9, 1.0 ],
									"rotationOrigin": [ 6.0, -0.1, 0.0 ],
									"rotationY": 22.5,
									"faces": {
										"north": { "texture": "#stick", "uv": [ 0.0, 0.0, 4.0, 1.0 ] },
										"east": { "texture": "#stick", "uv": [ 0.0, 0.0, 0.5, 1.0 ] },
										"south": { "texture": "#stick", "uv": [ 0.0, 0.0, 4.0, 1.0 ] },
										"up": { "texture": "#stick", "uv": [ 1.0, 11.0, 5.0, 11.5 ] },
										"down": { "texture": "#stick", "uv": [ 0.0, 0.0, 4.0, 0.5 ] }
									}
								}
							]
						}
					]
				},
				{
					"name": "base11",
					"from": [ 7.0, 0.0, 8.0 ],
					"to": [ 7.0, 0.0, 8.0 ],
					"rotationOrigin": [ 7.0, 0.0, 8.0 ],
					"rotationX": 180.0,
					"rotationY": 45.0,
					"rotationZ": 180.0,
					"faces": {
					},
					"children": [
						{
							"name": "long11",
							"from": [ -8.8, 0.0, 0.0 ],
							"to": [ 7.2, 1.5, 1.0 ],
							"rotationOrigin": [ 0.0, 0.0, 0.0 ],
							"rotationY": -45.0,
							"faces": {
								"north": { "texture": "#stick", "uv": [ 0.0, 3.5, 16.0, 4.5 ], "autoUv": false },
								"east": { "texture": "#stick", "uv": [ 1.5, 3.0, 2.5, 4.5 ] },
								"south": { "texture": "#stick", "uv": [ 0.0, 13.0, 16.0, 14.5 ] },
								"west": { "texture": "#stick", "uv": [ 1.0, 3.5, 2.0, 5.0 ] },
								"up": { "texture": "#stick", "uv": [ 0.0, 12.5, 16.0, 13.5 ] },
								"down": { "texture": "#stick", "uv": [ 0.0, 2.5, 16.0, 3.5 ], "autoUv": false }
							},
							"children": [
								{
									"name": "Cube34",
									"from": [ 0.5, 0.0, 1.0 ],
									"to": [ 14.5, 1.5, 1.5 ],
									"rotationOrigin": [ 0.5, 0.0, 1.0 ],
									"faces": {
										"east": { "texture": "#stick", "uv": [ 0.0, 0.0, 0.5, 1.5 ] },
										"south": { "texture": "#stick", "uv": [ 0.0, 0.0, 14.0, 1.5 ] },
										"west": { "texture": "#stick", "uv": [ 0.0, 0.0, 0.5, 1.5 ] },
										"up": { "texture": "#stick", "uv": [ 0.0, 0.0, 14.0, 0.5 ] },
										"down": { "texture": "#stick", "uv": [ 0.0, 0.0, 14.0, 0.5 ] }
									}
								},
								{
									"name": "Cube35",
									"from": [ 5.9, -0.1, 0.0 ],
									"to": [ 8.9, 0.9, 0.5 ],
									"rotationOrigin": [ 5.9, -0.1, -0.5 ],
									"rotationY": 22.5,
									"faces": {
										"north": { "texture": "#stick", "uv": [ 0.0, 0.0, 3.0, 1.0 ] },
										"east": { "texture": "#stick", "uv": [ 0.0, 0.0, 0.5, 1.0 ] },
										"up": { "texture": "#stick", "uv": [ 8.5, 11.0, 11.5, 11.5 ] },
										"down": { "texture": "#stick", "uv": [ 0.0, 0.0, 3.0, 0.5 ] }
									}
								},
								{
									"name": "Cube36",
									"from": [ 6.0, -0.1, 0.5 ],
									"to": [ 10.0, 0.9, 1.0 ],
									"rotationOrigin": [ 6.0, -0.1, 0.0 ],
									"rotationY": 22.5,
									"faces": {
										"north": { "texture": "#stick", "uv": [ 0.0, 0.0, 4.0, 1.0 ] },
										"east": { "texture": "#stick", "uv": [ 0.0, 0.0, 0.5, 1.0 ] },
										"south": { "texture": "#stick", "uv": [ 0.0, 0.0, 4.0, 1.0 ] },
										"up": { "texture": "#stick", "uv": [ 1.0, 11.0, 5.0, 11.5 ] },
										"down": { "texture": "#stick", "uv": [ 0.0, 0.0, 4.0, 0.5 ] }
									}
								}
							]
						}
					]
				},
				{
					"name": "base10",
					"from": [ 9.0038, 0.0, 10.9969 ],
					"to": [ 9.0038, 0.0, 10.9969 ],
					"rotationOrigin": [ 9.0, 0.0, 11.0 ],
					"rotationY": 89.9802,
					"faces": {
					},
					"children": [
						{
							"name": "long10",
							"from": [ -7.8, 0.0, -1.0 ],
							"to": [ 8.2, 1.5, 0.0 ],
							"rotationOrigin": [ 1.0, 0.0, -1.0 ],
							"rotationY": -45.0,
							"faces": {
								"north": { "texture": "#stick", "uv": [ 0.0, 3.5, 16.0, 4.5 ], "autoUv": false },
								"east": { "texture": "#stick", "uv": [ 1.5, 3.0, 2.5, 4.5 ] },
								"south": { "texture": "#stick", "uv": [ 0.0, 13.0, 16.0, 14.5 ] },
								"west": { "texture": "#stick", "uv": [ 1.0, 3.5, 2.0, 5.0 ] },
								"up": { "texture": "#stick", "uv": [ 0.0, 12.5, 16.0, 13.5 ] },
								"down": { "texture": "#stick", "uv": [ 0.0, 2.5, 16.0, 3.5 ], "autoUv": false }
							},
							"children": [
								{
									"name": "Cube31",
									"from": [ 0.5, 0.0, 1.0 ],
									"to": [ 14.5, 1.5, 1.5 ],
									"rotationOrigin": [ 0.5, 0.0, 1.0 ],
									"faces": {
										"east": { "texture": "#stick", "uv": [ 0.0, 0.0, 0.5, 1.5 ] },
										"south": { "texture": "#stick", "uv": [ 0.0, 0.0, 14.0, 1.5 ] },
										"west": { "texture": "#stick", "uv": [ 0.0, 0.0, 0.5, 1.5 ] },
										"up": { "texture": "#stick", "uv": [ 0.0, 0.0, 14.0, 0.5 ] },
										"down": { "texture": "#stick", "uv": [ 0.0, 0.0, 14.0, 0.5 ] }
									}
								},
								{
									"name": "Cube32",
									"from": [ 5.9, -0.1, 0.0 ],
									"to": [ 8.9, 0.9, 0.5 ],
									"rotationOrigin": [ 5.9, -0.1, -0.5 ],
									"rotationY": 22.5,
									"faces": {
										"north": { "texture": "#stick", "uv": [ 0.0, 0.0, 3.0, 1.0 ] },
										"east": { "texture": "#stick", "uv": [ 0.0, 0.0, 0.5, 1.0 ] },
										"up": { "texture": "#stick", "uv": [ 8.5, 11.0, 11.5, 11.5 ] },
										"down": { "texture": "#stick", "uv": [ 0.0, 0.0, 3.0, 0.5 ] }
									}
								},
								{
									"name": "Cube33",
									"from": [ 6.0, -0.1, 0.5 ],
									"to": [ 10.0, 0.9, 1.0 ],
									"rotationOrigin": [ 6.0, -0.1, 0.0 ],
									"rotationY": 22.5,
									"faces": {
										"north": { "texture": "#stick", "uv": [ 0.0, 0.0, 4.0, 1.0 ] },
										"east": { "texture": "#stick", "uv": [ 0.0, 0.0, 0.5, 1.0 ] },
										"south": { "texture": "#stick", "uv": [ 0.0, 0.0, 4.0, 1.0 ] },
										"up": { "texture": "#stick", "uv": [ 1.0, 11.0, 5.0, 11.5 ] },
										"down": { "texture": "#stick", "uv": [ 0.0, 0.0, 4.0, 0.5 ] }
									}
								}
							]
						}
					]
				},
				{
					"name": "base9",
					"from": [ 9.0, 0.0, 9.0 ],
					"to": [ 9.0, 0.0, 9.0 ],
					"rotationOrigin": [ 9.0, 0.0, 9.0 ],
					"faces": {
					},
					"children": [
						{
							"name": "long9",
							"from": [ -8.8, 0.0, 0.0 ],
							"to": [ 7.2, 1.5, 1.0 ],
							"rotationOrigin": [ 0.0, 0.0, 0.0 ],
							"rotationY": -45.0,
							"faces": {
								"north": { "texture": "#stick", "uv": [ 0.0, 3.5, 16.0, 4.5 ], "autoUv": false },
								"east": { "texture": "#stick", "uv": [ 1.5, 3.0, 2.5, 4.5 ] },
								"south": { "texture": "#stick", "uv": [ 0.0, 13.0, 16.0, 14.5 ] },
								"west": { "texture": "#stick", "uv": [ 1.0, 3.5, 2.0, 5.0 ] },
								"up": { "texture": "#stick", "uv": [ 0.0, 12.5, 16.0, 13.5 ] },
								"down": { "texture": "#stick", "uv": [ 0.0, 2.5, 16.0, 3.5 ], "autoUv": false }
							},
							"children": [
								{
									"name": "Cube28",
									"from": [ 0.5, 0.0, 1.0 ],
									"to": [ 14.5, 1.5, 1.5 ],
									"rotationOrigin": [ 0.5, 0.0, 1.0 ],
									"faces": {
										"east": { "texture": "#stick", "uv": [ 0.0, 0.0, 0.5, 1.5 ] },
										"south": { "texture": "#stick", "uv": [ 0.0, 0.0, 14.0, 1.5 ] },
										"west": { "texture": "#stick", "uv": [ 0.0, 0.0, 0.5, 1.5 ] },
										"up": { "texture": "#stick", "uv": [ 0.0, 0.0, 14.0, 0.5 ] },
										"down": { "texture": "#stick", "uv": [ 0.0, 0.0, 14.0, 0.5 ] }
									}
								},
								{
									"name": "Cube29",
									"from": [ 5.9, -0.1, 0.0 ],
									"to": [ 8.9, 0.9, 0.5 ],
									"rotationOrigin": [ 5.9, -0.1, -0.5 ],
									"rotationY": 22.5,
									"faces": {
										"north": { "texture": "#stick", "uv": [ 0.0, 0.0, 3.0, 1.0 ] },
										"east": { "texture": "#stick", "uv": [ 0.0, 0.0, 0.5, 1.0 ] },
										"up": { "texture": "#stick", "uv": [ 8.5, 11.0, 11.5, 11.5 ] },
										"down": { "texture": "#stick", "uv": [ 0.0, 0.0, 3.0, 0.5 ] }
									}
								},
								{
									"name": "Cube30",
									"from": [ 6.0, -0.1, 0.5 ],
									"to": [ 10.0, 0.9, 1.0 ],
									"rotationOrigin": [ 6.0, -0.1, 0.0 ],
									"rotationY": 22.5,
									"faces": {
										"north": { "texture": "#stick", "uv": [ 0.0, 0.0, 4.0, 1.0 ] },
										"east": { "texture": "#stick", "uv": [ 0.0, 0.0, 0.5, 1.0 ] },
										"south": { "texture": "#stick", "uv": [ 0.0, 0.0, 4.0, 1.0 ] },
										"up": { "texture": "#stick", "uv": [ 1.0, 11.0, 5.0, 11.5 ] },
										"down": { "texture": "#stick", "uv": [ 0.0, 0.0, 4.0, 0.5 ] }
									}
								}
							]
						}
					]
				},
				{
					"name": "Cube14",
					"from": [ 0.0, 1.0, 0.0 ],
					"to": [ 0.0, 1.0, 0.0 ],
					"rotationOrigin": [ 8.0, 1.0, 8.0 ],
					"rotationY": -45.0,
					"faces": {
						"north": { "texture": "#stick", "uv": [ 0.0, 0.0, 0.5, 0.5 ] },
						"east": { "texture": "#stick", "uv": [ 0.0, 0.0, 0.5, 0.5 ] },
						"south": { "texture": "#stick", "uv": [ 0.0, 0.0, 0.5, 0.5 ] },
						"west": { "texture": "#stick", "uv": [ 0.0, 0.0, 0.5, 0.5 ] },
						"up": { "texture": "#stick", "uv": [ 0.0, 0.0, 0.5, 0.5 ] },
						"down": { "texture": "#stick", "uv": [ 0.0, 0.0, 0.5, 0.5 ] }
					},
					"children": [
						{
							"name": "base5",
							"from": [ 15.0, 1.0, 7.0 ],
							"to": [ 15.0, 1.0, 7.0 ],
							"rotationOrigin": [ 14.0, 1.0, 7.0 ],
							"rotationY": -22.5,
							"rotationZ": 11.0,
							"faces": {
							},
							"children": [
								{
									"name": "long5",
									"from": [ -8.8, 0.0, 0.0 ],
									"to": [ 7.2, 1.5, 1.0 ],
									"rotationOrigin": [ 0.0, 0.0, 0.0 ],
									"rotationY": -45.0,
									"faces": {
										"north": { "texture": "#stick", "uv": [ 0.0, 3.5, 16.0, 4.5 ], "autoUv": false },
										"east": { "texture": "#stick", "uv": [ 1.5, 3.0, 2.5, 4.5 ] },
										"south": { "texture": "#stick", "uv": [ 0.0, 13.0, 16.0, 14.5 ] },
										"west": { "texture": "#stick", "uv": [ 1.0, 3.5, 2.0, 5.0 ] },
										"up": { "texture": "#stick", "uv": [ 0.0, 12.5, 16.0, 13.5 ] },
										"down": { "texture": "#stick", "uv": [ 0.0, 2.5, 16.0, 3.5 ], "autoUv": false }
									},
									"children": [
										{
											"name": "Cube15",
											"from": [ 0.5, 0.0, 1.0 ],
											"to": [ 14.5, 1.5, 1.5 ],
											"rotationOrigin": [ 0.5, 0.0, 1.0 ],
											"faces": {
												"east": { "texture": "#stick", "uv": [ 0.0, 0.0, 0.5, 1.5 ] },
												"south": { "texture": "#stick", "uv": [ 0.0, 0.0, 14.0, 1.5 ] },
												"west": { "texture": "#stick", "uv": [ 0.0, 0.0, 0.5, 1.5 ] },
												"up": { "texture": "#stick", "uv": [ 0.0, 0.0, 14.0, 0.5 ] },
												"down": { "texture": "#stick", "uv": [ 0.0, 0.0, 14.0, 0.5 ] }
											}
										},
										{
											"name": "Cube16",
											"from": [ 5.9, -0.1, 0.0 ],
											"to": [ 8.9, 0.9, 0.5 ],
											"rotationOrigin": [ 5.9, -0.1, -0.5 ],
											"rotationY": 22.5,
											"faces": {
												"north": { "texture": "#stick", "uv": [ 0.0, 0.0, 3.0, 1.0 ] },
												"east": { "texture": "#stick", "uv": [ 0.0, 0.0, 0.5, 1.0 ] },
												"up": { "texture": "#stick", "uv": [ 8.5, 11.0, 11.5, 11.5 ] },
												"down": { "texture": "#stick", "uv": [ 0.0, 0.0, 3.0, 0.5 ] }
											}
										},
										{
											"name": "Cube17",
											"from": [ 6.0, -0.1, 0.5 ],
											"to": [ 10.0, 0.9, 1.0 ],
											"rotationOrigin": [ 6.0, -0.1, 0.0 ],
											"rotationY": 22.5,
											"faces": {
												"north": { "texture": "#stick", "uv": [ 0.0, 0.0, 4.0, 1.0 ] },
												"east": { "texture": "#stick", "uv": [ 0.0, 0.0, 0.5, 1.0 ] },
												"south": { "texture": "#stick", "uv": [ 0.0, 0.0, 4.0, 1.0 ] },
												"up": { "texture": "#stick", "uv": [ 1.0, 11.0, 5.0, 11.5 ] },
												"down": { "texture": "#stick", "uv": [ 0.0, 0.0, 4.0, 0.5 ] }
											}
										}
									]
								}
							]
						},
						{
							"name": "base6",
							"from": [ 7.0, 0.9, 11.0 ],
							"to": [ 7.0, 0.9, 11.0 ],
							"rotationOrigin": [ 6.0, 0.0, 11.0 ],
							"rotationZ": -11.0,
							"faces": {
							},
							"children": [
								{
									"name": "long6",
									"from": [ -8.8, 0.0, 0.0 ],
									"to": [ 7.2, 1.5, 1.0 ],
									"rotationOrigin": [ 0.0, 0.0, 0.0 ],
									"rotationY": -45.0,
									"faces": {
										"north": { "texture": "#stick", "uv": [ 0.0, 3.5, 16.0, 4.5 ], "autoUv": false },
										"east": { "texture": "#stick", "uv": [ 1.5, 3.0, 2.5, 4.5 ] },
										"south": { "texture": "#stick", "uv": [ 0.0, 13.0, 16.0, 14.5 ] },
										"west": { "texture": "#stick", "uv": [ 1.0, 3.5, 2.0, 5.0 ] },
										"up": { "texture": "#stick", "uv": [ 0.0, 12.5, 16.0, 13.5 ] },
										"down": { "texture": "#stick", "uv": [ 0.0, 2.5, 16.0, 3.5 ], "autoUv": false }
									},
									"children": [
										{
											"name": "Cube18",
											"from": [ 0.5, 0.0, 1.0 ],
											"to": [ 14.5, 1.5, 1.5 ],
											"rotationOrigin": [ 0.5, 0.0, 1.0 ],
											"faces": {
												"east": { "texture": "#stick", "uv": [ 0.0, 0.0, 0.5, 1.5 ] },
												"south": { "texture": "#stick", "uv": [ 0.0, 0.0, 14.0, 1.5 ] },
												"west": { "texture": "#stick", "uv": [ 0.0, 0.0, 0.5, 1.5 ] },
												"up": { "texture": "#stick", "uv": [ 0.0, 0.0, 14.0, 0.5 ] },
												"down": { "texture": "#stick", "uv": [ 0.0, 0.0, 14.0, 0.5 ] }
											}
										},
										{
											"name": "Cube19",
											"from": [ 5.9, -0.1, 0.0 ],
											"to": [ 8.9, 0.9, 0.5 ],
											"rotationOrigin": [ 5.9, -0.1, -0.5 ],
											"rotationY": 22.5,
											"faces": {
												"north": { "texture": "#stick", "uv": [ 0.0, 0.0, 3.0, 1.0 ] },
												"east": { "texture": "#stick", "uv": [ 0.0, 0.0, 0.5, 1.0 ] },
												"up": { "texture": "#stick", "uv": [ 8.5, 11.0, 11.5, 11.5 ] },
												"down": { "texture": "#stick", "uv": [ 0.0, 0.0, 3.0, 0.5 ] }
											}
										},
										{
											"name": "Cube20",
											"from": [ 6.0, -0.1, 0.5 ],
											"to": [ 10.0, 0.9, 1.0 ],
											"rotationOrigin": [ 6.0, -0.1, 0.0 ],
											"rotationY": 22.5,
											"faces": {
												"north": { "texture": "#stick", "uv": [ 0.0, 0.0, 4.0, 1.0 ] },
												"east": { "texture": "#stick", "uv": [ 0.0, 0.0, 0.5, 1.0 ] },
												"south": { "texture": "#stick", "uv": [ 0.0, 0.0, 4.0, 1.0 ] },
												"up": { "texture": "#stick", "uv": [ 1.0, 11.0, 5.0, 11.5 ] },
												"down": { "texture": "#stick", "uv": [ 0.0, 0.0, 4.0, 0.5 ] }
											}
										}
									]
								}
							]
						},
						{
							"name": "base7",
							"from": [ 10.0, 0.9, 2.0 ],
							"to": [ 10.0, 0.9, 2.0 ],
							"rotationOrigin": [ 6.0, 2.0, 4.0 ],
							"rotationX": 20.0,
							"rotationY": 67.5,
							"faces": {
							},
							"children": [
								{
									"name": "long7",
									"from": [ -10.8, 0.0, 2.0 ],
									"to": [ 5.2, 1.5, 3.0 ],
									"rotationOrigin": [ -2.0, 0.0, 2.0 ],
									"rotationY": -45.0,
									"faces": {
										"north": { "texture": "#stick", "uv": [ 0.0, 3.5, 16.0, 4.5 ], "autoUv": false },
										"east": { "texture": "#stick", "uv": [ 1.5, 3.0, 2.5, 4.5 ] },
										"south": { "texture": "#stick", "uv": [ 0.0, 13.0, 16.0, 14.5 ] },
										"west": { "texture": "#stick", "uv": [ 1.0, 3.5, 2.0, 5.0 ] },
										"up": { "texture": "#stick", "uv": [ 0.0, 12.5, 16.0, 13.5 ] },
										"down": { "texture": "#stick", "uv": [ 0.0, 2.5, 16.0, 3.5 ], "autoUv": false }
									},
									"children": [
										{
											"name": "Cube21",
											"from": [ 0.5, 0.0, 1.0 ],
											"to": [ 14.5, 1.5, 1.5 ],
											"rotationOrigin": [ 0.5, 0.0, 1.0 ],
											"faces": {
												"east": { "texture": "#stick", "uv": [ 0.0, 0.0, 0.5, 1.5 ] },
												"south": { "texture": "#stick", "uv": [ 0.0, 0.0, 14.0, 1.5 ] },
												"west": { "texture": "#stick", "uv": [ 0.0, 0.0, 0.5, 1.5 ] },
												"up": { "texture": "#stick", "uv": [ 0.0, 0.0, 14.0, 0.5 ] },
												"down": { "texture": "#stick", "uv": [ 0.0, 0.0, 14.0, 0.5 ] }
											}
										},
										{
											"name": "Cube22",
											"from": [ 5.9, -0.1, 0.0 ],
											"to": [ 8.9, 0.9, 0.5 ],
											"rotationOrigin": [ 5.9, -0.1, -0.5 ],
											"rotationY": 22.5,
											"faces": {
												"north": { "texture": "#stick", "uv": [ 0.0, 0.0, 3.0, 1.0 ] },
												"east": { "texture": "#stick", "uv": [ 0.0, 0.0, 0.5, 1.0 ] },
												"up": { "texture": "#stick", "uv": [ 8.5, 11.0, 11.5, 11.5 ] },
												"down": { "texture": "#stick", "uv": [ 0.0, 0.0, 3.0, 0.5 ] }
											}
										},
										{
											"name": "Cube23",
											"from": [ 6.0, -0.1, 0.5 ],
											"to": [ 10.0, 0.9, 1.0 ],
											"rotationOrigin": [ 6.0, -0.1, 0.0 ],
											"rotationY": 22.5,
											"faces": {
												"north": { "texture": "#stick", "uv": [ 0.0, 0.0, 4.0, 1.0 ] },
												"east": { "texture": "#stick", "uv": [ 0.0, 0.0, 0.5, 1.0 ] },
												"south": { "texture": "#stick", "uv": [ 0.0, 0.0, 4.0, 1.0 ] },
												"up": { "texture": "#stick", "uv": [ 1.0, 11.0, 5.0, 11.5 ] },
												"down": { "texture": "#stick", "uv": [ 0.0, 0.0, 4.0, 0.5 ] }
											}
										}
									]
								}
							]
						},
						{
							"name": "base8",
							"from": [ 14.3626, -0.08, 10.0 ],
							"to": [ 14.3626, -0.08, 10.0 ],
							"rotationOrigin": [ 14.0, -4.0, 10.0 ],
							"rotationY": -90.0,
							"rotationZ": 22.5,
							"faces": {
							},
							"children": [
								{
									"name": "long8",
									"from": [ -4.8, -0.5, 2.0 ],
									"to": [ 11.2, 1.0, 3.0 ],
									"rotationOrigin": [ 4.0, -1.0, 2.0 ],
									"rotationY": -45.0,
									"faces": {
										"north": { "texture": "#stick", "uv": [ 0.0, 3.5, 16.0, 4.5 ], "autoUv": false },
										"east": { "texture": "#stick", "uv": [ 1.5, 3.0, 2.5, 4.5 ] },
										"south": { "texture": "#stick", "uv": [ 0.0, 13.0, 16.0, 14.5 ] },
										"west": { "texture": "#stick", "uv": [ 1.0, 3.5, 2.0, 5.0 ] },
										"up": { "texture": "#stick", "uv": [ 0.0, 12.5, 16.0, 13.5 ] },
										"down": { "texture": "#stick", "uv": [ 0.0, 2.5, 16.0, 3.5 ], "autoUv": false }
									},
									"children": [
										{
											"name": "Cube24",
											"from": [ 0.5, 0.0, 1.0 ],
											"to": [ 14.5, 1.5, 1.5 ],
											"rotationOrigin": [ 0.5, 0.0, 1.0 ],
											"faces": {
												"east": { "texture": "#stick", "uv": [ 0.0, 0.0, 0.5, 1.5 ] },
												"south": { "texture": "#stick", "uv": [ 0.0, 0.0, 14.0, 1.5 ] },
												"west": { "texture": "#stick", "uv": [ 0.0, 0.0, 0.5, 1.5 ] },
												"up": { "texture": "#stick", "uv": [ 0.0, 0.0, 14.0, 0.5 ] },
												"down": { "texture": "#stick", "uv": [ 0.0, 0.0, 14.0, 0.5 ] }
											}
										},
										{
											"name": "Cube25",
											"from": [ 5.9, -0.1, 0.0 ],
											"to": [ 8.9, 0.9, 0.5 ],
											"rotationOrigin": [ 5.9, -0.1, -0.5 ],
											"rotationY": 22.5,
											"faces": {
												"north": { "texture": "#stick", "uv": [ 0.0, 0.0, 3.0, 1.0 ] },
												"east": { "texture": "#stick", "uv": [ 0.0, 0.0, 0.5, 1.0 ] },
												"up": { "texture": "#stick", "uv": [ 8.5, 11.0, 11.5, 11.5 ] },
												"down": { "texture": "#stick", "uv": [ 0.0, 0.0, 3.0, 0.5 ] }
											}
										},
										{
											"name": "Cube26",
											"from": [ 6.0, -0.1, 0.5 ],
											"to": [ 10.0, 0.9, 1.0 ],
											"rotationOrigin": [ 6.0, -0.1, 0.0 ],
											"rotationY": 22.5,
											"faces": {
												"north": { "texture": "#stick", "uv": [ 0.0, 0.0, 4.0, 1.0 ] },
												"east": { "texture": "#stick", "uv": [ 0.0, 0.0, 0.5, 1.0 ] },
												"south": { "texture": "#stick", "uv": [ 0.0, 0.0, 4.0, 1.0 ] },
												"up": { "texture": "#stick", "uv": [ 1.0, 11.0, 5.0, 11.5 ] },
												"down": { "texture": "#stick", "uv": [ 0.0, 0.0, 4.0, 0.5 ] }
											}
										}
									]
								}
							]
						}
					]
				},
				{
					"name": "Cube5",
					"from": [ 0.0, 0.0, 0.0 ],
					"to": [ 0.0, 0.0, 0.0 ],
					"rotationOrigin": [ 8.0, 0.0, 8.0 ],
					"faces": {
						"north": { "texture": "#stick", "uv": [ 0.0, 0.0, 0.5, 0.5 ] },
						"east": { "texture": "#stick", "uv": [ 0.0, 0.0, 0.5, 0.5 ] },
						"south": { "texture": "#stick", "uv": [ 0.0, 0.0, 0.5, 0.5 ] },
						"west": { "texture": "#stick", "uv": [ 0.0, 0.0, 0.5, 0.5 ] },
						"up": { "texture": "#stick", "uv": [ 0.0, 0.0, 0.5, 0.5 ] },
						"down": { "texture": "#stick", "uv": [ 0.0, 0.0, 0.5, 0.5 ] }
					},
					"children": [
						{
							"name": "base",
							"from": [ 15.0, 1.0, 7.0 ],
							"to": [ 15.0, 1.0, 7.0 ],
							"rotationOrigin": [ 14.0, 1.0, 7.0 ],
							"rotationY": -22.5,
							"rotationZ": 11.0,
							"faces": {
							},
							"children": [
								{
									"name": "long",
									"from": [ -8.8, 0.0, 0.0 ],
									"to": [ 7.2, 1.5, 1.0 ],
									"rotationOrigin": [ 0.0, 0.0, 0.0 ],
									"rotationY": -45.0,
									"faces": {
										"north": { "texture": "#stick", "uv": [ 0.0, 3.5, 16.0, 4.5 ], "autoUv": false },
										"east": { "texture": "#stick", "uv": [ 1.5, 3.0, 2.5, 4.5 ] },
										"south": { "texture": "#stick", "uv": [ 0.0, 13.0, 16.0, 14.5 ] },
										"west": { "texture": "#stick", "uv": [ 1.0, 3.5, 2.0, 5.0 ] },
										"up": { "texture": "#stick", "uv": [ 0.0, 12.5, 16.0, 13.5 ] },
										"down": { "texture": "#stick", "uv": [ 0.0, 2.5, 16.0, 3.5 ], "autoUv": false }
									},
									"children": [
										{
											"name": "Cube1",
											"from": [ 0.5, 0.0, 1.0 ],
											"to": [ 14.5, 1.5, 1.5 ],
											"rotationOrigin": [ 0.5, 0.0, 1.0 ],
											"faces": {
												"east": { "texture": "#stick", "uv": [ 0.0, 0.0, 0.5, 1.5 ] },
												"south": { "texture": "#stick", "uv": [ 0.0, 0.0, 14.0, 1.5 ] },
												"west": { "texture": "#stick", "uv": [ 0.0, 0.0, 0.5, 1.5 ] },
												"up": { "texture": "#stick", "uv": [ 0.0, 0.0, 14.0, 0.5 ] },
												"down": { "texture": "#stick", "uv": [ 0.0, 0.0, 14.0, 0.5 ] }
											}
										},
										{
											"name": "Cube6",
											"from": [ 5.9, -0.1, 0.0 ],
											"to": [ 8.9, 0.9, 0.5 ],
											"rotationOrigin": [ 5.9, -0.1, -0.5 ],
											"rotationY": 22.5,
											"faces": {
												"north": { "texture": "#stick", "uv": [ 0.0, 0.0, 3.0, 1.0 ] },
												"east": { "texture": "#stick", "uv": [ 0.0, 0.0, 0.5, 1.0 ] },
												"up": { "texture": "#stick", "uv": [ 8.5, 11.0, 11.5, 11.5 ] },
												"down": { "texture": "#stick", "uv": [ 0.0, 0.0, 3.0, 0.5 ] }
											}
										},
										{
											"name": "Cube10",
											"from": [ 6.0, -0.1, 0.5 ],
											"to": [ 10.0, 0.9, 1.0 ],
											"rotationOrigin": [ 6.0, -0.1, 0.0 ],
											"rotationY": 22.5,
											"faces": {
												"north": { "texture": "#stick", "uv": [ 0.0, 0.0, 4.0, 1.0 ] },
												"east": { "texture": "#stick", "uv": [ 0.0, 0.0, 0.5, 1.0 ] },
												"south": { "texture": "#stick", "uv": [ 0.0, 0.0, 4.0, 1.0 ] },
												"up": { "texture": "#stick", "uv": [ 1.0, 11.0, 5.0, 11.5 ] },
												"down": { "texture": "#stick", "uv": [ 0.0, 0.0, 4.0, 0.5 ] }
											}
										}
									]
								}
							]
						},
						{
							"name": "base4",
							"from": [ 7.0, 0.9, 11.0 ],
							"to": [ 7.0, 0.9, 11.0 ],
							"rotationOrigin": [ 6.0, 0.0, 11.0 ],
							"rotationZ": -11.0,
							"faces": {
							},
							"children": [
								{
									"name": "long4",
									"from": [ -8.8, 0.0, 0.0 ],
									"to": [ 7.2, 1.5, 1.0 ],
									"rotationOrigin": [ 0.0, 0.0, 0.0 ],
									"rotationY": -45.0,
									"faces": {
										"north": { "texture": "#stick", "uv": [ 0.0, 3.5, 16.0, 4.5 ], "autoUv": false },
										"east": { "texture": "#stick", "uv": [ 1.5, 3.0, 2.5, 4.5 ] },
										"south": { "texture": "#stick", "uv": [ 0.0, 13.0, 16.0, 14.5 ] },
										"west": { "texture": "#stick", "uv": [ 1.0, 3.5, 2.0, 5.0 ] },
										"up": { "texture": "#stick", "uv": [ 0.0, 12.5, 16.0, 13.5 ] },
										"down": { "texture": "#stick", "uv": [ 0.0, 2.5, 16.0, 3.5 ], "autoUv": false }
									},
									"children": [
										{
											"name": "Cube4",
											"from": [ 0.5, 0.0, 1.0 ],
											"to": [ 14.5, 1.5, 1.5 ],
											"rotationOrigin": [ 0.5, 0.0, 1.0 ],
											"faces": {
												"east": { "texture": "#stick", "uv": [ 0.0, 0.0, 0.5, 1.5 ] },
												"south": { "texture": "#stick", "uv": [ 0.0, 0.0, 14.0, 1.5 ] },
												"west": { "texture": "#stick", "uv": [ 0.0, 0.0, 0.5, 1.5 ] },
												"up": { "texture": "#stick", "uv": [ 0.0, 0.0, 14.0, 0.5 ] },
												"down": { "texture": "#stick", "uv": [ 0.0, 0.0, 14.0, 0.5 ] }
											}
										},
										{
											"name": "Cube9",
											"from": [ 5.9, -0.1, 0.0 ],
											"to": [ 8.9, 0.9, 0.5 ],
											"rotationOrigin": [ 5.9, -0.1, -0.5 ],
											"rotationY": 22.5,
											"faces": {
												"north": { "texture": "#stick", "uv": [ 0.0, 0.0, 3.0, 1.0 ] },
												"east": { "texture": "#stick", "uv": [ 0.0, 0.0, 0.5, 1.0 ] },
												"up": { "texture": "#stick", "uv": [ 8.5, 11.0, 11.5, 11.5 ] },
												"down": { "texture": "#stick", "uv": [ 0.0, 0.0, 3.0, 0.5 ] }
											}
										},
										{
											"name": "Cube13",
											"from": [ 6.0, -0.1, 0.5 ],
											"to": [ 10.0, 0.9, 1.0 ],
											"rotationOrigin": [ 6.0, -0.1, 0.0 ],
											"rotationY": 22.5,
											"faces": {
												"north": { "texture": "#stick", "uv": [ 0.0, 0.0, 4.0, 1.0 ] },
												"east": { "texture": "#stick", "uv": [ 0.0, 0.0, 0.5, 1.0 ] },
												"south": { "texture": "#stick", "uv": [ 0.0, 0.0, 4.0, 1.0 ] },
												"up": { "texture": "#stick", "uv": [ 1.0, 11.0, 5.0, 11.5 ] },
												"down": { "texture": "#stick", "uv": [ 0.0, 0.0, 4.0, 0.5 ] }
											}
										}
									]
								}
							]
						},
						{
							"name": "base3",
							"from": [ 10.0, 0.9, 2.0 ],
							"to": [ 10.0, 0.9, 2.0 ],
							"rotationOrigin": [ 6.0, 2.0, 4.0 ],
							"rotationX": 20.0,
							"rotationY": 67.5,
							"faces": {
							},
							"children": [
								{
									"name": "long3",
									"from": [ -10.8, 0.0, 2.0 ],
									"to": [ 5.2, 1.5, 3.0 ],
									"rotationOrigin": [ -2.0, 0.0, 2.0 ],
									"rotationY": -45.0,
									"faces": {
										"north": { "texture": "#stick", "uv": [ 0.0, 3.5, 16.0, 4.5 ], "autoUv": false },
										"east": { "texture": "#stick", "uv": [ 1.5, 3.0, 2.5, 4.5 ] },
										"south": { "texture": "#stick", "uv": [ 0.0, 13.0, 16.0, 14.5 ] },
										"west": { "texture": "#stick", "uv": [ 1.0, 3.5, 2.0, 5.0 ] },
										"up": { "texture": "#stick", "uv": [ 0.0, 12.5, 16.0, 13.5 ] },
										"down": { "texture": "#stick", "uv": [ 0.0, 2.5, 16.0, 3.5 ], "autoUv": false }
									},
									"children": [
										{
											"name": "Cube3",
											"from": [ 0.5, 0.0, 1.0 ],
											"to": [ 14.5, 1.5, 1.5 ],
											"rotationOrigin": [ 0.5, 0.0, 1.0 ],
											"faces": {
												"east": { "texture": "#stick", "uv": [ 0.0, 0.0, 0.5, 1.5 ] },
												"south": { "texture": "#stick", "uv": [ 0.0, 0.0, 14.0, 1.5 ] },
												"west": { "texture": "#stick", "uv": [ 0.0, 0.0, 0.5, 1.5 ] },
												"up": { "texture": "#stick", "uv": [ 0.0, 0.0, 14.0, 0.5 ] },
												"down": { "texture": "#stick", "uv": [ 0.0, 0.0, 14.0, 0.5 ] }
											}
										},
										{
											"name": "Cube8",
											"from": [ 5.9, -0.1, 0.0 ],
											"to": [ 8.9, 0.9, 0.5 ],
											"rotationOrigin": [ 5.9, -0.1, -0.5 ],
											"rotationY": 22.5,
											"faces": {
												"north": { "texture": "#stick", "uv": [ 0.0, 0.0, 3.0, 1.0 ] },
												"east": { "texture": "#stick", "uv": [ 0.0, 0.0, 0.5, 1.0 ] },
												"up": { "texture": "#stick", "uv": [ 8.5, 11.0, 11.5, 11.5 ] },
												"down": { "texture": "#stick", "uv": [ 0.0, 0.0, 3.0, 0.5 ] }
											}
										},
										{
											"name": "Cube12",
											"from": [ 6.0, -0.1, 0.5 ],
											"to": [ 10.0, 0.9, 1.0 ],
											"rotationOrigin": [ 6.0, -0.1, 0.0 ],
											"rotationY": 22.5,
											"faces": {
												"north": { "texture": "#stick", "uv": [ 0.0, 0.0, 4.0, 1.0 ] },
												"east": { "texture": "#stick", "uv": [ 0.0, 0.0, 0.5, 1.0 ] },
												"south": { "texture": "#stick", "uv": [ 0.0, 0.0, 4.0, 1.0 ] },
												"up": { "texture": "#stick", "uv": [ 1.0, 11.0, 5.0, 11.5 ] },
												"down": { "texture": "#stick", "uv": [ 0.0, 0.0, 4.0, 0.5 ] }
											}
										}
									]
								}
							]
						},
						{
							"name": "base2",
							"from": [ 14.3626, -0.08, 10.0 ],
							"to": [ 14.3626, -0.08, 10.0 ],
							"rotationOrigin": [ 14.0, -4.0, 10.0 ],
							"rotationY": -90.0,
							"rotationZ": 22.5,
							"faces": {
							},
							"children": [
								{
									"name": "long2",
									"from": [ -4.8, -0.5, 2.0 ],
									"to": [ 11.2, 1.0, 3.0 ],
									"rotationOrigin": [ 4.0, -1.0, 2.0 ],
									"rotationY": -45.0,
									"faces": {
										"north": { "texture": "#stick", "uv": [ 0.0, 3.5, 16.0, 4.5 ], "autoUv": false },
										"east": { "texture": "#stick", "uv": [ 1.5, 3.0, 2.5, 4.5 ] },
										"south": { "texture": "#stick", "uv": [ 0.0, 13.0, 16.0, 14.5 ] },
										"west": { "texture": "#stick", "uv": [ 1.0, 3.5, 2.0, 5.0 ] },
										"up": { "texture": "#stick", "uv": [ 0.0, 12.5, 16.0, 13.5 ] },
										"down": { "texture": "#stick", "uv": [ 0.0, 2.5, 16.0, 3.5 ], "autoUv": false }
									},
									"children": [
										{
											"name": "Cube2",
											"from": [ 0.5, 0.0, 1.0 ],
											"to": [ 14.5, 1.5, 1.5 ],
											"rotationOrigin": [ 0.5, 0.0, 1.0 ],
											"faces": {
												"east": { "texture": "#stick", "uv": [ 0.0, 0.0, 0.5, 1.5 ] },
												"south": { "texture": "#stick", "uv": [ 0.0, 0.0, 14.0, 1.5 ] },
												"west": { "texture": "#stick", "uv": [ 0.0, 0.0, 0.5, 1.5 ] },
												"up": { "texture": "#stick", "uv": [ 0.0, 0.0, 14.0, 0.5 ] },
												"down": { "texture": "#stick", "uv": [ 0.0, 0.0, 14.0, 0.5 ] }
											}
										},
										{
											"name": "Cube7",
											"from": [ 5.9, -0.1, 0.0 ],
											"to": [ 8.9, 0.9, 0.5 ],
											"rotationOrigin": [ 5.9, -0.1, -0.5 ],
											"rotationY": 22.5,
											"faces": {
												"north": { "texture": "#stick", "uv": [ 0.0, 0.0, 3.0, 1.0 ] },
												"east": { "texture": "#stick", "uv": [ 0.0, 0.0, 0.5, 1.0 ] },
												"up": { "texture": "#stick", "uv": [ 8.5, 11.0, 11.5, 11.5 ] },
												"down": { "texture": "#stick", "uv": [ 0.0, 0.0, 3.0, 0.5 ] }
											}
										},
										{
											"name": "Cube11",
											"from": [ 6.0, -0.1, 0.5 ],
											"to": [ 10.0, 0.9, 1.0 ],
											"rotationOrigin": [ 6.0, -0.1, 0.0 ],
											"rotationY": 22.5,
											"faces": {
												"north": { "texture": "#stick", "uv": [ 0.0, 0.0, 4.0, 1.0 ] },
												"east": { "texture": "#stick", "uv": [ 0.0, 0.0, 0.5, 1.0 ] },
												"south": { "texture": "#stick", "uv": [ 0.0, 0.0, 4.0, 1.0 ] },
												"up": { "texture": "#stick", "uv": [ 1.0, 11.0, 5.0, 11.5 ] },
												"down": { "texture": "#stick", "uv": [ 0.0, 0.0, 4.0, 0.5 ] }
											}
										}
									]
								}
							]
						}
					]
				}
			],
			"attachmentpoints": [
				{
					"code": "Center",
					"posX": "8.0","posY": "0.0","posZ": "8.0",
					"rotationX": "0.0","rotationY": "0.0","rotationZ": "0.0"
				}
			]
		}
	]}
