[
  {
    "side": "Server",
    "dependsOn": [{ "modid": "combatoverhaul" }],
    "file": "spinosauridae:entities/land/spinosauridae",
    "op": "add",
    "path": "/client/behaviors/-",
    "value": {
      "code": "CombatOverhaul:EntityColliders",
      "elements": {
        "Torso": ["Neck","Neck1","Neck2","Neck3","Neck4", "Torso", "Body", "Body Back", "Tail", "Tail2","Tail3","Tail4","Tail5","Tail6","Tail13","Sail","Sail2","Sail3","Sail4","Sail5","Sail6","Sail7","Sail8"],
        "Head": ["Head", "Top Jaw", "Lower Jar","Cube13","Cube14","Cube25","Cube22","Cube17","Cube9","Cube10","Cube11","Cube20","Chin2","Chin3"],
        "Arm": ["ArmR","ArmL","WristL","WristR"],
        "Leg": ["LegL", "LegL1","LegL2", "FootL","LegR", "LegR2", "LegR3","FootR",],
        "Critical": ["Eyes2"],
        "Resistant": []
      }
    }
  },
  {
    "side": "Server",
    "dependsOn": [{ "modid": "combatoverhaul" }],
    "file": "spinosauridae:entities/land/spinosauridae",
    "op": "add",
    "path": "/server/behaviors/-",
    "value": {
      "code": "CombatOverhaul:EntityColliders",
      "elements": {
        "Torso": ["Neck","Neck1","Neck2","Neck3","Neck4", "Torso", "Body", "Body Back", "Tail", "Tail2","Tail3","Tail4","Tail5","Tail6","Tail13","Sail","Sail2","Sail3","Sail4","Sail5","Sail6","Sail7","Sail8"],
        "Head": ["Head", "Top Jaw", "Lower Jar","Cube13","Cube14","Cube25","Cube22","Cube17","Cube9","Cube10","Cube11","Cube20","Chin2","Chin3"],
        "Arm": ["ArmR","ArmL","WristL","WristR"],
        "Leg": ["LegL", "LegL1","LegL2", "FootL","LegR", "LegR2", "LegR3","FootR",],
        "Critical": ["Eyes2"],
        "Resistant": []
      }
    }
  },
  {
    "side": "Server",
    "dependsOn": [{ "modid": "combatoverhaul" }],
    "file": "spinosauridae:entities/land/spinosauridae",
    "op": "add",
    "path": "/server/behaviors/-",
    "value": {
      "code": "CombatOverhaul:EntityDamageModel",
      "damageModel": {
        "TorsoDamageMultiplier": 1,
        "LimbsDamageMultiplier": 0.75,
        "HeadDamageMultiplier": 2.5,
        "CriticalDamageMultiplier": 5,
        "DefaultResists": {"BluntAttack": 7, "SlashingAttack": 5, "PiercingAttack": 0}
      }
    }
  },
  {
    "side": "Server",
    "dependsOn": [{ "modid": "combatoverhaul" }],
    "file": "spinosauridae:entities/land/spinosauridae",
    "op": "add",
    "path": "/client/behaviors/-",
    "value": {
      "code": "CombatOverhaul:EntityDamageModel",
      "damageModel": {
        "TorsoDamageMultiplier": 1,
        "LimbsDamageMultiplier": 0.75,
        "HeadDamageMultiplier": 1.5,
        "CriticalDamageMultiplier": 5,
        "DefaultResists": {"BluntAttack": 7, "SlashingAttack": 5, "PiercingAttack": 0}
      }
    }
  }
]
