{
	"code": "hitch",
	"class": "EntityAgent",
	"variantgroups": [
	],
	"hitBoxSize": {	"x":1.75,"y": 1.75},
	"knockbackResistanceByType": {
		"*": 100
	},	
	"eyeHeight": 0.6,
	"weightByType": {
		"*": 1000
	},
	"drops": [{ "type": "item", "code": "creature-hitch" }],
	"client": {
		"renderer": "Shape",
		"shapeByType": {
			"*": {"base": "item/hitch"},
		},
		"sizeByType": {
			"*": 0.75,
		},
		"behaviors": [
			{"code": "controlledphysics","stepHeight": 0},
			{"code": "interpolateposition" },
			{"code": "floatupwhenstuck","onlyWhenDead": true}

		],
		"animations": [
		]
	},
	"server": {
		"attributes": {
		},
		"behaviors": [
			{"code": "controlledphysics","stepHeight": 0},
			{"code": "health","maxhealthByType": {
				"*": 1,
				}
			},
			{"code": "deaddecay","hoursToDecay": 0,"decayedBlock": "none"},
			{"code": "floatupwhenstuck","onlyWhenDead": true},
			{"code": "emotionstates","states": []},
			{
				"code": "taskai",
				"aitasks": [
					{
						"code": "idle",
						"priority": 0.9,
						"minduration": 3000,
						"maxduration": 3000,
						"mincooldown": 0,
						"maxcooldown": 0,
						"stopOnNearbyEntityCodes": [ ],
						"stopRange": 15,
						"animation": "Idle",
						"animationSpeed": 2.0,
					}
				]
			}

		],
	}
}
