{
	"code": "lure",
	"class": "EntityAgent",
	"variantgroups": [
		{"code": "size","states": ["big","small"]},
		{"code": "source","states": ["redmeat","bushmeat"]},
	],
	"hitBoxSize": {	"x":1,"y": 1},
	"knockbackResistanceByType": {
		"*": 100
	},	
	"eyeHeight": 0.6,
	"weightByType": {
		"*": 1000
	},
	"drops": [],
	"client": {
		"renderer": "Shape",
		"shapeByType": {
			"*-big-redmeat": {"base": "item/lure-big-redmeat"},
			"*-small-redmeat": {"base": "item/lure-small-redmeat"},
			"*-big-bushmeat": {"base": "item/lure-big-bushmeat"},
			"*-small-bushmeat": {"base": "item/lure-small-bushmeat"},
		},
		"sizeByType": {
			"*-big-*": 2,
			"*-small-*": 1,
		},
		"behaviors": [
			{"code": "controlledphysics","stepHeight": 0},
			{"code": "interpolateposition" },
			{"code": "floatupwhenstuck","onlyWhenDead": true}

		],
		"animations": [
		]
	},
	"server": {
		"attributes": {
		},
		"behaviors": [
			{"code": "controlledphysics","stepHeight": 0},
			{"code": "health","maxhealthByType": {
				"*-big": 50,
				"*-small": 10,
				}
			},
			{"code": "deaddecay","hoursToDecay": 0,"decayedBlock": "none"},
			{"code": "floatupwhenstuck","onlyWhenDead": true},
			{"code": "emotionstates","states": []},
			{
				"code": "taskai",
				"aitasks": [
					{
						"code": "idle",
						"priority": 0.9,
						"minduration": 3000,
						"maxduration": 3000,
						"mincooldown": 0,
						"maxcooldown": 0,
						"stopOnNearbyEntityCodes": [ ],
						"stopRange": 15,
						"animation": "Idle",
						"animationSpeed": 2.0,
					}
				]
			}

		],
	}
}
