{
	"code": "spinosauridae",
	"class": "EntityAgent",
	"variantgroups": [
		{"code": "type","states": ["spinosaurus","oxalaia","suchomimus","baryonyx","ichthyovenator","irritator"]},
		{"code": "age", "states": ["nest"] },
		{"code": "state", "states": ["incubating","mature","empty"] }
	],
	"selectionBoxSizeByType": {
		"*": {"x": 1,"y": 0.5}
	},
	"collisionBoxSizeByType": {
		"*": {"x": 1,"y": 0.5}
	},
	"deadSelectionBoxSizeByType": {
		"*": {"x": 1,"y": 0.5}
	},
	"knockbackResistanceByType": {
		"*": 10.0
	},
	"eyeHeight": 0.6,
	"weightByType": {
		"*": 100
	},
	"drops": [],
	"attributes": {
	},
	"client": {
		"renderer": "Shape",
		"shapeByType": {
			"*-nest-empty": { "base": "entity/land/nest-empty" },
            "*": { "base": "entity/land/nest" },

		},
		"sizeByType": {
			"*": 1
		},
		"behaviors": [
			{
				"code": "controlledphysics",
				"stepHeight": 0
			},
			{ "code": "interpolateposition" },
			{"code": "despawn","minPlayerDistance": 8,"belowLightLevel": 8,"minSeconds": 300},
			{
				"code": "floatupwhenstuck",
				"onlyWhenDead": true
			},
			{ "code": "harvestable" }

		],
		"animations": [
			{"code": "die","animation": "Die","animationSpeed": 2.00,"weight": 10,"blendMode": "Average","triggeredBy": { "onControls": [ "dead" ] }},
			{"code": "idle","animation": "Idle","blendMode": "AddAverage","easeOutSpeed": 4,"triggeredBy": { "defaultAnim": true }},
			{"code": "sleep","animation": "Sleep","easeInSpeed": 4,"easeOutSpeed": 4,"blendMode": "Average"}
		]
	},
	"server": {
		"attributes": {
		},
		"behaviors": [
			{
				"code": "controlledphysics",
				"stepHeight": 0
			},
			{"code": "despawn","minPlayerDistance": 8,"belowLightLevel": 8,"minSeconds": 300},
			{
				"code": "health",
				"maxhealthByType": {
					"*": 20
				}
			},
			{
				"code": "deaddecay",
				"hoursToDecay": 24
			},
			{
				"code": "floatupwhenstuck",
				"onlyWhenDead": true
			},
			{
				"code": "harvestable",
				"drops": [
					{
						"type": "item",
						"code": "game:stick",
						"quantityByType": {
							"*": {"avg": 6,"var": 4}
						}
					},
					{
						"type": "item",
						"code": "spinosauridae:creature-spinosauridae-{type}-egg-raw",
						"quantityByType": {
							"*-incubating": {"avg": 10,"var": 20, "dist":"gaussian"},
							"*":{"avg": 0,"var": 0}
						}
					},
				]
			},
			{
				"code": "grow",
				"enabledByType": {
					"*-empty": false,
					"*": true
				},
				"hoursToGrowByType": {"*-incubating": 160,"*-mature": 3},
				"adultEntityCodesByType": {
					"*-incubating": ["spinosauridae:spinosauridae-{type}-nest-mature"],
					"*-mature": ["spinosauridae:spinosauridae-{type}-nest-empty"]
				}
			},
			{"code": "emotionstates","states": []},
			{
				"code": "taskai",
				"aitasks": [
					{
						"code": "bellalarm",
						"animation": "Idle",
						"enabledByType": {"*-mature": true,"*": false},
						"onNearbyEntityCodes": ["player"],
						"spawnMobs": [
							"spinosauridae:spinosauridae-{type}-baby-female",
							"spinosauridae:spinosauridae-{type}-baby-male"
						],
						"spawnMaxQuantity": 5,
						"spawnIntervalMsMin": 1000,
						"spawnIntervalMsMax": 4000,
						"spawnRange": 0.5,
						"seekingRange": 100,
						"priority": 1.9,
						"minduration": 2000,
						"maxduration": 8000,
						"mincooldown": 6000,
						"maxcooldown": 12000,
						"animationSpeed": 2.0
					},
					{
						"code": "idle",
						"animation": "Idle",
						"priority": 0.5,
						"minduration": 180000,
						"maxduration": 240000,
						"mincooldown": 3000,
						"maxcooldown": 3000
					},
				]
			}

		],
		"spawnconditions": {
            "worldgen": {
				"chanceByType": {"*-empty": 0.0},
				"triesPerChunk": { "avg": 0.0, "var": 0},
				"maxQuantityByGroup": { "code": "spinosauridae-*", "maxQuantity": 1 },
                "tryOnlySurface": true,
                "insideBlockCodes": [
                    "game:air",
                    "game:tallgrass-*",
                    "game:gravel-*",
                    "game:sand-*",
                    "game:snowlayer-1",
                    "game:soil-*"
                ],
                "groupSizeByType": {
					"*": { "dist": "uniform", "avg": 1, "var": 0 }
				},
                "*":["spinosauridae:spinosauridae-{type}-adult-female","spinosauridae:spinosauridae-{type}-adult-male"]},

			"runtime": {
				"group": "neutral",
				"tryOnlySurface": true,
				"chanceByType": {"*-incubating": 0.00001,"*": 0.0},
				"TriesPerChunk": { "avg": 0.0, "var": 0 },
				"maxQuantityByGroup": { "code": "spinosauridae-*", "maxQuantity": 1 },
				"mindistancetoplayer": 50,
				"maxLightLevel": 7,
				"spawnCapPlayerScaling": 0.0,
				"lightLevelType": "onlyBlockLight",
				"groupSizeByType": {
					"*": { "dist": "uniform", "avg": 1, "var": 0 }
				},
				"insideBlockCodes": [
                    "game:air",
                    "game:tallgrass-*",
                    "game:gravel-*",
                    "game:sand-*",
                    "game:snowlayer-1",
                    "game:soil-*"
                ],
				"companionsByType": {
				"*":["spinosauridae:spinosauridae-{type}-adult-female","spinosauridae:spinosauridae-{type}-adult-male"]}
			}
		},
		"spawnconditionsByType": {
			"*-spinosaurus-nest-incubating": {
				"climate": {
					"minTemp": 20,
					"maxTemp": 40,
					"minRain": 0.4,
					"maxRain": 1.0,
					"minForestOrShrubs": 0.3,
					"maxForest": 0.7,
					"maxShrubs": 0.8,
					"minY": 0.7,
					"maxY": 1.4
				},
				"worldgen": {
					"triesPerChunk": { "avg": 0.0006, "var": 0}
				},
				"runtime": {
					"maxQuantityByGroup": { "code": "spinosauridae-*", "maxQuantity": 1 }
				}
			},
			"*-oxalaia-nest-incubating": {
				"climate": {
					"minTemp": 20,
					"maxTemp": 40,
					"minRain": 0.5,
					"maxRain": 1.0,
					"minForestOrShrubs": 0.3,
					"maxForest": 0.8,
					"maxShrubs": 0.7,
					"minY": 0.7,
					"maxY": 1.4
				},
				"worldgen": {
					"triesPerChunk": { "avg": 0.0006, "var": 0}
				},
				"runtime": {
					"maxQuantityByGroup": { "code": "spinosauridae-*", "maxQuantity": 1 }
				}
			},
			"*-baryonyx-nest-incubating": {
				"climate": {
					"minTemp": 10,
					"maxTemp": 35,
					"minRain": 0.4,
					"maxRain": 0.9,
					"minForestOrShrubs": 0.3,
					"maxForest": 0.6,
					"maxShrubs": 0.8,
					"minY": 0.8,
					"maxY": 1.5
				},
				"worldgen": {
					"triesPerChunk": { "avg": 0.0006, "var": 0}
				},
				"runtime": {
					"maxQuantityByGroup": { "code": "spinosauridae-*", "maxQuantity": 1 }
				}
			},
			"*-suchomimus-nest-incubating": {
				"climate": {
					"minTemp": 15,
					"maxTemp": 35,
					"minRain": 0.4,
					"maxRain": 0.9,
					"minForestOrShrubs": 0.4,
					"maxForest": 0.8,
					"maxShrubs": 0.7,
					"minY": 0.7,
					"maxY": 1.4
				},
				"worldgen": {
					"triesPerChunk": { "avg": 0.0006, "var": 0}
				},
				"runtime": {
					"maxQuantityByGroup": { "code": "spinosauridae-*", "maxQuantity": 1 }
				}
			},
			"*-ichthyovenator-nest-incubating": {
				"climate": {
					"minTemp": 15,
					"maxTemp": 40,
					"minRain": 0.5,
					"maxRain": 1.0,
					"minForestOrShrubs": 0.3,
					"maxForest": 0.7,
					"maxShrubs": 0.8,
					"minY": 0.7,
					"maxY": 1.4
				},
				"worldgen": {
					"triesPerChunk": { "avg": 0.0006, "var": 0}
				},
				"runtime": {
					"maxQuantityByGroup": { "code": "spinosauridae-*", "maxQuantity": 1 }
				}
			},
			"*-irritator-nest-incubating": {
				"climate": {
					"minTemp": 20,
					"maxTemp": 40,
					"minRain": 0.4,
					"maxRain": 0.9,
					"minForestOrShrubs": 0.3,
					"maxForest": 0.7,
					"maxShrubs": 0.8,
					"minY": 0.7,
					"maxY": 1.4
				},
				"worldgen": {
					"triesPerChunk": { "avg": 0.0006, "var": 0}
				},
				"runtime": {
					"maxQuantityByGroup": { "code": "spinosauridae-*", "maxQuantity": 1 }
				}
			},
		}
	}
}
