[
	{
		ingredientPattern: "_NL,PPP,SMH",
		ingredients: {
			"S": { type: "item", code: "game:saw-*", isTool: true  },
			"H": { type: "item", code: "game:hammer-*", isTool: true  },
			"P": { type: "item", code: "game:plank-*", name: "wood" },
			"M": { type: "item", code: "game:metalplate-steel", name: "steel" },
			"L": { type: "item", code: "game:leather-sturdy-*", name: "leather", "quantity":2},
			"N": { type: "item", code: "game:metalnailsandstrips-steel", name: "nail", "quantity":2},
		},
		name: "tyrannosaddle",
		width: 3,
		height: 3,
		output: { type: "item", code: "spinosauridae:spinowearable-saddle", "quantity": 1 }
	},
	{
		ingredientPattern: "__L,SNH,_M_",
		ingredients: {
			"S": { type: "item", code: "game:saw-*", isTool: true  },
			"H": { type: "item", code: "game:hammer-*", isTool: true  },
			"P": { type: "item", code: "game:plank-*", name: "wood" },
			"M": { type: "item", code: "game:metalplate-steel", name: "steel", "quantity": 3  },
			"L": { type: "item", code: "game:leather-sturdy-*", name: "leather" },
			"N": { type: "item", code: "game:metalnailsandstrips-steel", name: "nail", "quantity":1},
		},
		name: "tyrannobridle",
		width: 3,
		height: 3,
		output: { type: "item", code: "spinosauridae:spinowearable-bridle1", "quantity": 1 }
	},
	{
		ingredientPattern: "L__,SNH,_M_",
		ingredients: {
			"S": { type: "item", code: "game:saw-*", isTool: true  },
			"H": { type: "item", code: "game:hammer-*", isTool: true  },
			"P": { type: "item", code: "game:plank-*", name: "wood" },
			"M": { type: "item", code: "game:metalplate-steel", name: "steel", "quantity": 3  },
			"L": { type: "item", code: "game:leather-sturdy-*", name: "leather" },
			"N": { type: "item", code: "game:metalnailsandstrips-steel", name: "nail", "quantity":1},
		},
		name: "tyrannobridle",
		width: 3,
		height: 3,
		output: { type: "item", code: "spinosauridae:spinowearable-bridle2", "quantity": 1 }
	},
]
