{
	"code": "creature",
	"class": "ItemCreature",
	"maxstacksize": 1,
	"variantgroups": [
		{"code": "type","states": ["lure"]},
		{"code": "size","states": ["big","small"]},
		{"code": "source","states": ["redmeat","bushmeat"]},
	],

	"shapeByType": {
			"*-big-redmeat": {"base": "item/lure-big-redmeat"},
			"*-small-redmeat": {"base": "item/lure-small-redmeat"},
			"*-big-bushmeat": {"base": "item/lure-big-bushmeat"},
			"*-small-bushmeat": {"base": "item/lure-small-bushmeat"},
	},
	
	
	
	"creativeinventory": { "general": ["*"], "items": ["*"], "creatures": ["*"] },

	"guiTransformByType": {
		"*-big-*": {
			"rotate": true,
			"translation": { "x": 3, "y": 0, "z": 0 },
			"rotation": { "x": -11, "y": -52, "z": -180 },
			"origin": { "x": 0.5, "y": 0.15, "z": 0.5 },
			"scale": 3
		},
		"*-small-*": {
			"rotate": true,
			"translation": { "x": 3, "y": 0, "z": 0 },
			"rotation": { "x": -11, "y": -52, "z": -180 },
			"origin": { "x": 0.5, "y": 0.15, "z": 0.5 },
			"scale": 2
		},

	},

	"tpHandTransformByType": {
		"*": {
			"translation": { "x": 0, "y": -0.6, "z": -0.5},
			"rotation": { "x": -180, "y": 0, "z": -100 },
			"origin": { "x": 0, "y": 0, "z": 0 },
			"scale": 1
		},
	},

	"groundTransformByType":{
		"*-big-*":{
			"translation": {"x": 0,"y": 0,"z": 0},
			"rotation": {"x": 0,"y": 0,"z": 0},
			"origin": {"x": 0.5,"y": 0,"z": 0.4},
			"scale": 9
		},
		"*-small-*":{
			"translation": {"x": 0,"y": 0,"z": 0},
			"rotation": {"x": 0,"y": 0,"z": 0},
			"origin": {"x": 0.5,"y": 0,"z": 0.4},
			"scale": 5
		},
	},

	"transitionableProps": [{
		"type": "Perish",
		"freshHours": { "avg": 120 },
		"transitionHours": { "avg": 24 },
		"transitionedStack": { "type": "item", "code": "game:rot" },
		"transitionRatio": 0.5
	}],


}
	

	
	
	
	




