[
{
        "ingredientPattern": "LK",
        "ingredients": {
            "K": { "type": "item", "code": "game:knife-*", "isTool": true },
            "L": { "type": "item", "code": "spinosauridae:pelt-spinosaurus-adult",}
            },"width": 2,"height": 1,
            "output": { "type": "item", "code": "game:hide-raw-huge", "quantity": 12.0  }
    },
    {
        "ingredientPattern": "LK",
        "ingredients": {
            "K": { "type": "item", "code": "game:knife-*", "isTool": true },
            "L": { "type": "item", "code": "spinosauridae:pelt-spinosaurus-baby",}
            },"width": 2,"height": 1,
            "output": { "type": "item", "code": "game:hide-raw-small", "quantity": 2  }
    },

    {
        "ingredientPattern": "LK",
        "ingredients": {
            "K": { "type": "item", "code": "game:knife-*", "isTool": true },
            "L": { "type": "item", "code": "spinosauridae:pelt-oxalaia-adult",}
            },"width": 2,"height": 1,
            "output": { "type": "item", "code": "game:hide-raw-huge", "quantity": 11.0  }
    },
    {
        "ingredientPattern": "LK",
        "ingredients": {
            "K": { "type": "item", "code": "game:knife-*", "isTool": true },
            "L": { "type": "item", "code": "spinosauridae:pelt-oxalaia-baby",}
            },"width": 2,"height": 1,
            "output": { "type": "item", "code": "game:hide-raw-small", "quantity": 2  }
    },

    {
        "ingredientPattern": "LK",
        "ingredients": {
            "K": { "type": "item", "code": "game:knife-*", "isTool": true },
            "L": { "type": "item", "code": "spinosauridae:pelt-suchomimus-adult",}
            },"width": 2,"height": 1,
            "output": { "type": "item", "code": "game:hide-raw-huge", "quantity": 10.0  }
    },
    {
        "ingredientPattern": "LK",
        "ingredients": {
            "K": { "type": "item", "code": "game:knife-*", "isTool": true },
            "L": { "type": "item", "code": "spinosauridae:pelt-suchomimus-baby",}
            },"width": 2,"height": 1,
            "output": { "type": "item", "code": "game:hide-raw-small", "quantity": 2  }
    },

    {
        "ingredientPattern": "LK",
        "ingredients": {
            "K": { "type": "item", "code": "game:knife-*", "isTool": true },
            "L": { "type": "item", "code": "spinosauridae:pelt-baryonyx-adult",}
            },"width": 2,"height": 1,
            "output": { "type": "item", "code": "game:hide-raw-huge", "quantity": 10.0  }
    },
    {
        "ingredientPattern": "LK",
        "ingredients": {
            "K": { "type": "item", "code": "game:knife-*", "isTool": true },
            "L": { "type": "item", "code": "spinosauridae:pelt-baryonyx-baby",}
            },"width": 2,"height": 1,
            "output": { "type": "item", "code": "game:hide-raw-small", "quantity": 2  }
    },

    {
        "ingredientPattern": "LK",
        "ingredients": {
            "K": { "type": "item", "code": "game:knife-*", "isTool": true },
            "L": { "type": "item", "code": "spinosauridae:pelt-ichthyovenator-adult",}
            },"width": 2,"height": 1,
            "output": { "type": "item", "code": "game:hide-raw-huge", "quantity": 9.0  }
    },
    {
        "ingredientPattern": "LK",
        "ingredients": {
            "K": { "type": "item", "code": "game:knife-*", "isTool": true },
            "L": { "type": "item", "code": "spinosauridae:pelt-ichthyovenator-baby",}
            },"width": 2,"height": 1,
            "output": { "type": "item", "code": "game:hide-raw-small", "quantity": 1  }
    },

    {
        "ingredientPattern": "LK",
        "ingredients": {
            "K": { "type": "item", "code": "game:knife-*", "isTool": true },
            "L": { "type": "item", "code": "spinosauridae:pelt-irritator-adult",}
            },"width": 2,"height": 1,
            "output": { "type": "item", "code": "game:hide-raw-huge", "quantity": 8.0  }
    },
    {
        "ingredientPattern": "LK",
        "ingredients": {
            "K": { "type": "item", "code": "game:knife-*", "isTool": true },
            "L": { "type": "item", "code": "spinosauridae:pelt-irritator-baby",}
            },"width": 2,"height": 1,
            "output": { "type": "item", "code": "game:hide-raw-small", "quantity": 1  }
    },
]
