{
  "code": "taxidermy",
	"maxstacksize": 4,
		"behaviors": [
		{ "name": "GroundStorable", "properties": { "layout": "SingleCenter"}}
	],
  "variantgroups": [
    {"code": "species","states": ["spinosaurus","oxalaia","suchomimus","baryonyx","ichthyovenator","irritator"]},
    {"code": "type","states": [ "baby","adult" ]},
  ],
  "attributes": {
    "handbook": {
      "groupBy": [ "taxidermy-*" ]
    },
		"displaycaseable": false, 
		"shelvable": false,
		"groundStorageTransformByType": {
			"*-spinosaurus-*":{
				"rotation": { "x": 0, "y": 90, "z": 0 },
				"origin": { "x": 0.5, "y": 0.0, "z": 0.5 },
				"scale": 1.0
			},
			"*-oxalaia-*":{
						"rotation": { "x": 0, "y": 90, "z": 0 },
						"origin": { "x": 0.5, "y": 0.0, "z": 0.5 },
						"scale": 0.9
					},

			"*-suchomimus-*":{
						"rotation": { "x": 0, "y": 90, "z": 0 },
						"origin": { "x": 0.5, "y": 0.0, "z": 0.5 },
						"scale": 0.85
					},

			"*-baryonyx-*":{
						"rotation": { "x": 0, "y": 90, "z": 0 },
						"origin": { "x": 0.5, "y": 0.0, "z": 0.5 },
						"scale": 0.8
					},

			"*-ichthyovenator-*":{
						"rotation": { "x": 0, "y": 90, "z": 0 },
						"origin": { "x": 0.5, "y": 0.0, "z": 0.5 },
						"scale": 0.7
					},

			"*-irritator-*":{
						"rotation": { "x": 0, "y": 90, "z": 0 },
						"origin": { "x": 0.5, "y": 0.0, "z": 0.5 },
						"scale": 0.6
					},
			"*":{
				"rotation": { "x": 0, "y": 90, "z": 0 },
				"origin": { "x": 0.5, "y": 0.0, "z": 0.5 },
				"scale": 1
			}
	}
  },
  "shapebytype": {
    "*": {"base": "item/spinosauridae/{species}/{type}"}
  },
  "creativeinventory": {"general": [ "*" ], "decorative": [ "*" ]
  },
  "texturesByType": {
	"*":{"skin":{"base": "entity/{species}-adult"}},
  },
  "combustibleProps": {
    "burnTemperature": 400,
    "burnDuration": 10
  },
  "sounds": {
    "place": "game:block/cloth",
    "walk": "game:walk/cloth"
  },
  "guiTransformByType": {
		"*-baby": {
			"rotate": true,
			"translation": { "x": -20, "y": -15, "z": 0 },
			"rotation": { "x": -11, "y": -52, "z": -180 },
			"origin": { "x": 1.5, "y": 1.5, "z": 1.5 },
			"scale": 0.7
		},
		"*": {
			"rotate": true,
			"translation": { "x": -16, "y": 0, "z": -5 },
			"rotation": { "x": -11, "y": -52, "z": -180 },
			"origin": { "x": 1.5, "y": 1.5, "z": 1.5 },
			"scale": 0.3
		}			
	},
  "groundTransform": {
    "translation": {"x": 0.5,"y": 0,"z": 0},
    "rotation": {"x": 0,"y": 135,"z": 0},
    "origin": {"x": 0.5,"y": -0.02,"z": 0.5},
    "scale": 0.5
  },
  "tpHandTransformByType": {
		"*-baby": {
			"translation": { "x": -0.51, "y": -0.2, "z": -0.7 },
			"rotation": { "x": 53, "y": -165, "z": 77 },
			"origin": { "x": 0, "y": 0, "z": 0 },
			"scale": 0.25
		},
		"*": {
			"translation": { "x": -2.5, "y": -4.6, "z": -2.4 },
			"rotation": { "x": 2, "y": -180, "z": 23 },
			"scale": 0.15
		},
	},
  "fpHandTransform": {
		"translation": { "x": 0.4, "y": 0, "z": 0 },
		"rotation": { "x": -8, "y": -63, "z": -7 },
    "origin": {"x": 0.5,"y": 0.1,"z": 0.5},
    "scale": 0.5
  },
  "materialDensity": 200
}
